3110	Phi	Smith
3111	Mar	Brown
3112	Kim	Marsh
3113	Aar	Smith
3114	Mar	Briggs
3115	Tam	Leblanc
3116	Mar	Smith
3117	Jac	Murphy
3118	Mar	Francis
3119	Shi	Hinton
3120	Ros	Smith
3121	Mar	Murphy
3122	Jos	Graves
3123	Kar	Durham
3124	Mar	Smith
3125	Dyl	Walker
3126	Mar	Keller
3127	Jes	Smith
3128	Kar	Turner
3129	Mar	Morton
3130	Dyl	Smith
3131	Mar	Brown
3132	Mar	Gutierrez
3133	Rut	Becker
3134	Mar	Smith
3135	Hel	Ward
3136	Mar	Sharp
3137	Eli	Smith
3138	Bar	Nelson
3139	Mar	Pope
3140	Cha	Smith
3141	Cyn	Shannon
3142	Bre	Smith
3143	Mar	Jones
3144	Pam	Browning
3145	Ros	Smith
3146	Mar	Murphy
3147	Dan	Diaz
3148	Mar	Barrett
3149	Edw	Dennis
3150	Rut	Smith
3151	Mar	Brown
3152	Emi	Thomas
3153	Mar	Smith
3154	Ter	Thomas
3155	Mar	Haas
3156	Kat	Smith
3157	Mar	Diaz
3158	Jes	Smith
3159	Mar	Hill
3160	Cha	Jensen
3161	Bar	Arias
3162	Way	Smith
3163	Mar	Carlson
3164	Kar	Smith
3165	Nan	Haynes
3166	Don	Smith
3167	Jan	Ward
3168	Mar	Smith
3169	Law	Butler
3170	Mar	Smith
3171	Eli	Moss
3172	Kar	Boyle
3173	Bet	Smith
3174	Ros	Turner
3175	Mar	Little
3176	Don	Smith
3177	Mar	Nguyen
3178	Vic	Wu
3179	Mar	Compton
3180	Ray	Smith
3181	Mar	Hopkins
3182	Fra	Smith
3183	Mar	Butler
3184	Tyl	Smith
3185	Mar	Beard
3186	Jac	Smith
3187	Mar	Clark
3188	Mad	Ray
3189	Bry	Smith
3190	Mar	Leonard
3191	Kat	Tate
3192	Mar	Lindsey
3193	Jos	Smith
3194	Kei	Gutierrez
3195	Mar	Smith
3196	Dia	Ferguson
3197	Mar	Holloway
3198	Sar	Smith
3199	Ash	Hernandez
3200	Mar	Barron
3201	Kat	Smith
3202	Emm	Wilson
3203	Mar	Bryan
3204	Edw	Smith
3205	Jul	Santiago
3206	Mar	Smith
3207	Ste	Smith
3208	Mil	Short
3209	Mar	Smith
3210	Ric	Welch
3211	Mar	Smith
3212	Lau	Griffin
3213	Mar	Smith
3214	Kev	Bowers
3215	Jud	Smith
3216	Roy	Watts
3217	Mar	Smith
3218	Ste	Mann
3219	Mar	French
3220	Sus	Villanueva
3221	Sco	Smith
3222	Mar	Williams
3223	Tho	White
3224	Kev	Bowers
3225	Mar	Smith
3226	Sha	Schmidt
3227	Mar	Smith
3228	Sus	Zhang
3229	Ter	Smith
3230	Mar	Jones
3231	Mel	Valdez
3232	Oli	Smith
3233	Mar	West
3234	Jac	Smith
3235	Lor	Baker
3236	Mar	Smith
3237	Jam	Gonzalez
3238	Ben	Hoffman
3239	Mar	Smith
3240	Kel	Golden
3241	Wil	Smith
3242	Mar	Garcia
3243	Jul	Lewis
3244	Mar	Garza
3245	Reb	Smith
3246	Lor	Burns
3247	Mar	Pierce
3248	Jan	Ochoa
3249	Mar	Mcgrath
3250	Ric	Smith
3251	Ken	Murillo
3252	Mar	Smith
3253	Kev	Patel
3254	Bru	Meyers
3255	Mar	Christian
3256	Mic	Smith
3257	Jul	Mcconnell
3258	Mar	Smith
3259	Mar	Gallegos
3260	Mat	Smith
3261	Way	Adams
3262	Mar	Brewer
3263	Bri	Smith
3264	Mar	Cook
3265	Jua	Pena
3266	Mar	Salinas
3267	Ter	Smith
3268	Mar	Smith
3269	Mar	Wade
3270	Ale	Smith
3271	Mar	Simon
3272	Jul	Smith
3273	Mar	Ford
3274	Mar	Smith
3275	Ste	Williams
3276	Mar	Owens
3277	Jen	Smith
3278	Pat	Anderson
3279	Mar	Wells
3280	Kat	Smith
3281	Ter	Werner
3282	Mar	Smith
3283	Cha	Ramos
3284	Mar	Smith
3285	Mic	Gilbert
3286	Ste	Smith
3287	Mar	Malone
3288	Ste	Smith
3289	Mar	Adkins
3290	Lin	Smith
3291	Mar	Parrish
3292	Rut	Smith
3293	Mar	Barker
3294	Mic	Smith
3295	Mar	Joseph
3296	Mar	Smith
3297	Bry	Lewis
3298	Mar	Ray
3299	Lau	Smith
3300	Mar	Simpson
3301	Ric	Davila
3302	Ter	Smith
3303	Mar	Robinson
3304	Ama	Gibson
3305	Sar	Smith
3306	Mar	Woods
3307	Lau	Holmes
3308	Aar	Smith
3309	Mar	Williams
3310	Rob	Porter
3311	Rya	Shelton
3312	Jan	Smith
3313	Mar	Ortiz
3314	Cha	Smith
3315	And	Butler
3316	Mar	Oconnor
3317	Bet	Smith
3318	Hen	Tate
3319	Ada	Prince
3320	Mar	Smith
3321	Rob	Medina
3322	Joy	Smith
3323	Meg	Meyers
3324	Mar	Smith
3325	Dan	Rios
3326	Mar	Smith
3327	Tam	Robinson
3328	Mar	Cannon
3329	Jos	Smith
3330	Mar	Johnson
3331	Dia	Martinez
3332	Mar	Robinson
3333	Jam	Massey
3334	Amb	Smith
3335	Mar	Ramirez
3336	San	Hunter
3337	Jef	Smith
3338	How	Collins
3339	Mar	Payne
3340	Lin	Fletcher
3341	Car	Smith
3342	Mar	Cobb
3343	Vin	Smith
3344	Mar	Park
3345	Chr	Smith
3346	Wal	Parker
3347	Mar	Christian
3348	Jam	Lynn
3349	Lau	Smith
3350	Mar	Mercer
3351	Jam	Smith
3352	Gre	Santiago
3353	Mar	Smith
3354	Rus	Flores
3355	Mar	Morales
3356	Lor	Mcintosh
3357	Mar	Smith
3358	Ant	Wright
3359	Mic	Torres
3360	Mar	Bailey
3361	Vir	Smith
3362	Mar	Solomon
3363	Gra	Smith
3364	Mar	Ramos
3365	Wil	Crawford
3366	Mar	Herring
3367	Bet	Smith
3368	Mar	Jackson
3369	Jos	Clark
3370	Mar	Reyes
3371	Dav	Dixon
3372	Vir	Smith
3373	Mar	Willis
3374	Chr	Smith
3375	Mar	Sanchez
3376	Ros	Cannon
3377	Ral	Smith
3378	Mar	Torres
3379	Pet	Smith
3380	Mar	Pitts
3381	Lis	Smith
3382	Don	Baker
3383	Jos	Casey
3384	Mar	Smith
3385	Tho	Jones
3386	Jus	Smith
3387	Gra	Lin
3388	Mar	Smith
3389	Mar	Martinez
3390	Eli	Stephenson
3391	Reb	Smith
3392	Vic	Pham
3393	Nat	Smith
3394	Mar	Morales
3395	Mar	Matthews
3396	Pat	Smith
3397	Mar	Coleman
3398	Jam	Hardin
3399	Geo	Smith
3400	Fra	Lewis
3401	Sar	Ramos
3402	Mar	Wilkerson
3403	Eve	Smith
3404	Bil	Thompson
3405	Bru	Paul
3406	Mar	Smith
3407	Nan	Myers
3408	Cat	Ryan
3409	Mar	Garner
3410	Bra	Smith
3411	Mar	Lester
3412	Pam	Smith
3413	Mar	Underwood
3414	Rut	Smith
3415	Fra	Gomez
3416	Mar	Smith
3417	Dan	Joseph
3418	Ger	Macdonald
3419	Mar	Smith
3420	Ken	Price
3421	Kat	Norris
3422	Jul	Woodard
3423	Mar	Smith
3424	Pat	Leblanc
3425	And	Smith
3426	Dou	Davenport
3427	Mar	Smith
3428	Mad	Joseph
3429	Mar	Smith
3430	Ali	Russo
3431	Mar	Berger
3432	Joh	Smith
3433	Dav	James
3434	Jan	Cruz
3435	Mar	Smith
3436	Jos	Lewis
3437	Mar	Massey
3438	Jam	Richmond
3439	Pam	Smith
3440	Mar	Edwards
3441	Emm	Russell
3442	Mar	Henson
3443	Jam	Smith
3444	Kar	Olsen
3445	And	Smith
3446	Kat	Wright
3447	Sar	Andersen
3448	Mar	Smith
3449	Joy	Gonzalez
3450	Mar	Fields
3451	Sam	Smith
3452	Mar	Nelson
3453	Mar	Smith
3454	Chr	Bradshaw
3455	Mar	Smith
3456	Jef	Ramos
3457	Mar	Weaver
3458	Hen	Smith
3459	Mar	Wright
3460	Lin	Hinton
3461	Jos	Smith
3462	Mar	Martinez
3463	Lau	Adams
3464	Zac	Smith
3465	Mar	Gardner
3466	Eve	Smith
3467	Vic	Smith
3468	Mar	Romero
3469	Reb	Harmon
3470	Car	Petersen
3471	Mar	Franco
3472	Eth	Smith
3473	Mar	Myers
3474	Jac	Hatfield
3475	Mar	Smith
3476	Kat	Petty
3477	Mar	Smith
3478	Ala	Obrien
3479	Mar	Vang
3480	Jam	Smith
3481	Ron	Obrien
3482	Mar	Horton
3483	Mic	Smith
3484	Reb	Hunter
3485	Mar	Smith
3486	Car	Thompson
3487	Tyl	Smith
3488	Mar	Mueller
3489	Lar	Waller
3490	Mar	Smith
3491	Dia	Barrett
3492	Mar	Smith
3493	Jos	Simmons
3494	Che	Smith
3495	Mar	Mcdonald
3496	Bri	Holmes
3497	Mar	Smith
3498	Eli	Ramos
3499	Mil	Cole
3500	Mar	Mcdonald
3501	Rac	Davila
3502	Mar	Smith
3503	Kat	Davis
3504	Mar	Salinas
3505	Kev	Smith
3506	Sam	Graham
3507	Mar	Mathews
3508	Ran	Smith
3509	Mar	Perry
3510	Jua	Smith
3511	Mar	Orozco
3512	Jen	Smith
3513	Shi	Boyer
3514	Wal	Smith
3515	Mar	Sims
3516	Eli	Smith
3517	Mar	Russell
3518	Dan	Smith
3519	Nic	Ruiz
3520	Mar	Smith
3521	Joy	Callahan
3522	Ada	Smith
3523	Mar	Mcgee
3524	Joh	Smith
3525	Jos	Flores
3526	Kev	Durham
3527	Mar	Smith
3528	Nic	Brooks
3529	Vic	Weaver
3530	Mar	Smith
3531	Ama	Foster
3532	Car	Henderson
3533	Mar	Smith
3534	Jam	Marshall
3535	Bet	Rodgers
3536	Mar	Tanner
3537	Ral	Smith
3538	Mar	Henry
3539	Ric	Smith
3540	Nic	Bishop
3541	Jer	Smith
3542	Mar	Russell
3543	Mat	Rasmussen
3544	Dan	Smith
3545	Aus	Guzman
3546	Mar	Cannon
3547	Reb	Waller
3548	Mar	Smith
3549	Ada	Morris
3550	Mar	Garner
3551	Ric	Kramer
3552	Kat	Smith
3553	Mar	Lloyd
3554	Mic	Smith
3555	Gre	Walker
3556	Mar	Lane
3557	Ben	Clarke
3558	Mar	Smith
3559	Sus	Wright
3560	Dyl	Rhodes
3561	Mar	Smith
3562	Bev	Chase
3563	Mar	Stout
3564	Wil	Smith
3565	Joh	Johnson
3566	Mar	Meyer
3567	Tho	Schroeder
3568	Mad	Smith
3569	Jer	Smith
3570	Mar	Nelson
3571	Lau	Smith
3572	Mar	Bennett
3573	Vir	Gould
3574	Mar	Smith
3575	Han	Cooper
3576	Mar	Smith
3577	Mic	Martin
3578	Chr	Cameron
3579	Mar	Smith
3580	Jes	Larson
3581	Mar	Pugh
3582	Rut	Smith
3583	Jac	Allen
3584	Mar	Washington
3585	Kim	Mullins
3586	Mar	Smith
3587	Mic	Potter
3588	Sha	Carson
3589	Mar	Smith
3590	Jef	Lewis
3591	Lor	Farmer
3592	Mar	Smith
3593	Chr	Lewis
3594	Mar	Smith
3595	Jos	Lewis
3596	Mar	Richmond
3597	Mar	Smith
3598	Mar	Morris
3599	Mar	Park
3600	Jen	Smith
3601	Ros	Robertson
3602	Mar	Warner
3603	Sus	Smith
3604	Ale	Martin
3605	Mar	Sanders
3606	Joa	Strickland
3607	Mar	Smith
3608	Mar	Rogers
3609	Jam	Waters
3610	Jor	Smith
3611	Mar	Mitchell
3612	Gre	Cox
3613	Mar	York
3614	Joh	Smith
3615	Jen	Cooper
3616	Jea	Holder
3617	Mar	Smith
3618	Lin	Evans
3619	Sam	Smith
3620	Jer	Morris
3621	Mar	West
3622	Don	Stanley
3623	Sco	Smith
3624	Gra	Shah
3625	Mar	Smith
3626	Ste	Garza
3627	Mar	Smith
3628	Ali	Michael
3629	Mar	Smith
3630	Bar	King
3631	Mar	Smith
3632	Alb	Flores
3633	Mar	Burch
3634	Emi	Smith
3635	Cat	Flowers
3636	Wil	Smith
3637	Mar	Wu
3638	Amy	Smith
3639	Dan	Edwards
3640	Mar	Serrano
3641	Tho	Smith
3642	Mar	Nicholson
3643	Don	Smith
3644	Deb	Ryan
3645	Mar	Guerra
3646	Mar	Smith
3647	Gra	Moore
3648	Mar	Parker
3649	And	Nguyen
3650	Way	Smith
3651	Mar	Sanders
3652	Ann	Esparza
3653	Pet	Smith
3654	Mar	Smith
3655	Kar	Conway
3656	Wil	Smith
3657	Mar	Davis
3658	Mar	Weiss
3659	Mar	Meadows
3660	Rog	Smith
3661	Mar	Jones
3662	Bet	Collier
3663	Bev	Strong
3664	Mar	Smith
3665	Phi	Wyatt
3666	Mar	Smith
3667	And	Hinton
3668	Jud	Smith
3669	Mar	Soto
3670	Ann	Smith
3671	Mar	Johnson
3672	Jam	Park
3673	Mat	Smith
3674	Amy	Torres
3675	Joy	Pittman
3676	Mar	Smith
3677	San	Edwards
3678	Ali	Castro
3679	Mar	Carpenter
3680	Dav	Smith
3681	Edw	Jones
3682	Emi	Romero
3683	Mar	Fernandez
3684	Pat	Smith
3685	Mar	Watson
3686	Jac	Casey
3687	Mar	Morrow
3688	Jud	Smith
3689	Mar	Wallace
3690	Bri	Williamson
3691	Mar	Campos
3692	Jam	Smith
3693	Meg	Trevino
3694	Mar	Smith
3695	Chr	Bryant
3696	Mar	Holloway
3697	Mar	Hobbs
3698	Joh	Smith
3699	Cha	Walker
3700	Ste	Bailey
3701	Bry	Foster
3702	Mar	Smith
3703	Chr	Reynolds
3704	Mar	Smith
3705	Lis	Smith
3706	Ash	Fitzgerald
3707	Mar	Smith
3708	Jud	Miller
3709	Mar	Padilla
3710	Ash	Smith
3711	Jor	Palmer
3712	Mar	Meza
3713	Hel	Smith
3714	Kim	Williams
3715	Deb	Burnett
3716	Han	Jarvis
3717	Mar	Smith
3718	Mar	Ward
3719	Mar	Ortiz
3720	Mar	Bowman
3721	Mel	Powers
3722	Rus	Smith
3723	Mar	Jones
3724	Mic	Webb
3725	Mar	Rose
3726	Rob	Smith
3727	Jan	Espinoza
3728	Mar	Smith
3729	Joh	Peters
3730	Eri	Clements
3731	Bev	Smith
3732	Mar	Mejia
3733	Eli	Mckee
3734	Kat	Smith
3735	Mar	Lewis
3736	Bri	Munoz
3737	Kev	Mcdowell
3738	Che	Smith
3739	Ter	Long
3740	Mar	Smith
3741	Jos	Johnson
3742	Sam	Bailey
3743	Mar	Buchanan
3744	Mic	Hancock
3745	Kim	Smith
3746	Wal	Moore
3747	Mar	Lloyd
3748	Bre	Smith
3749	Fra	Mills
3750	Mar	Smith
3751	Wal	Becker
3752	Mar	Vega
3753	Han	Smith
3754	Mar	Sims
3755	Eug	Smith
3756	Mar	Watson
3757	Mat	Fuller
3758	Sco	Smith
3759	Mar	Taylor
3760	Chr	Burns
3761	Mar	Christian
3762	Jua	Smith
3763	Mar	Martinez
3764	Eth	Smith
3765	Mar	Smith
3766	Dav	Chavez
3767	Mar	Wagner
3768	Dav	Zhang
3769	Amy	Smith
3770	Mar	Johnson
3771	Dav	Phelps
3772	Mar	Smith
3773	Bre	Prince
3774	Mar	Smith
3775	Joh	Johnson
3776	Amb	Faulkner
3777	Mar	Smith
3778	Rob	Tate
3779	Emm	Dougherty
3780	Mar	Smith
3781	Ric	Lara
3782	Mar	Serrano
3783	Alb	Smith
3784	Mar	Sharp
3785	Bri	Smith
3786	Mar	Moody
3787	Kev	Vang
3788	Fra	Smith
3789	Mar	Mason
3790	Ala	Estes
3791	Mar	Smith
3792	Gar	Kelly
3793	Jan	Best
3794	Jul	Smith
3795	Pet	Williams
3796	Mar	Davis
3797	Dav	Gutierrez
3798	Amb	Armstrong
3799	Mar	Wade
3800	Sha	Smith
3801	Mar	Hendrix
3802	Tim	Smith
3803	Mar	Salazar
3804	And	Le
3805	Mel	Smith
3806	Ada	Carson
3807	Mar	Huang
3808	Nan	Smith
3809	Mel	Taylor
3810	Ros	Lamb
3811	Mar	Smith
3812	Rob	Hayes
3813	And	Smith
3814	Eri	Salazar
3815	Mar	Sloan
3816	Dor	Smith
3817	Gar	Garcia
3818	Vic	Stout
3819	Mar	Smith
3820	Jes	Carter
3821	Mar	Haas
3822	Mar	Smith
3823	Cha	Ortega
3824	Eve	Smith
3825	Mar	Ward
3826	Pat	Vincent
3827	Mar	Smith
3828	Jan	Carpenter
3829	Mar	Klein
3830	Wil	Smith
3831	Nic	Parker
3832	Mar	Carey
3833	Rob	Smith
3834	Den	Ritter
3835	Mar	Smith
3836	Nic	Fleming
3837	Mar	Smith
3838	Jos	Jackson
3839	Ada	Smith
3840	Mar	York
3841	Mar	Sawyer
3842	Sus	Smith
3843	Rut	Carter
3844	Jus	Haynes
3845	Mar	Smith
3846	Ron	Lewis
3847	Jul	Brewer
3848	Mar	Smith
3849	Car	Thomas
3850	Chr	Nelson
3851	Mar	Orozco
3852	Roy	Potts
3853	Eug	Smith
3854	Mar	Gilbert
3855	Amy	Smith
3856	Mar	Long
3857	Rob	Everett
3858	Mar	Smith
3859	Mar	Robinson
3860	Sus	Walker
3861	Mar	Smith
3862	Jor	Lopez
3863	Mar	Walker
3864	Dav	Smith
3865	Jes	Hunter
3866	Rya	Smith
3867	Mar	Frazier
3868	Rac	Smith
3869	Mar	Roberts
3870	Wil	Smith
3871	Mar	Watson
3872	Lis	Smith
3873	Ste	Hunter
3874	Mar	Pham
3875	Fra	Smith
3876	Mar	Warner
3877	Joh	Mcclure
3878	Bar	Smith
3879	Mel	Davis
3880	Mar	Garcia
3881	Pat	Wilson
3882	Jos	Campbell
3883	Mar	Gomez
3884	Mar	Smith
3885	And	Compton
3886	Bri	Smith
3887	Mar	Berry
3888	Sco	Robles
3889	Mar	Smith
3890	Gre	Snyder
3891	Mar	Bowman
3892	Bil	Smith
3893	Mar	Hart
3894	Ben	Smith
3895	Mar	Contreras
3896	Ale	Smith
3897	Mar	Carlson
3898	Mic	Hickman
3899	Bra	Smith
3900	Mar	Mcdonald
3901	Jul	Hubbard
3902	Mar	Smith
3903	Lor	Meyers
3904	Mar	Brandt
3905	Den	Smith
3906	Mar	Rogers
3907	Gar	Gomez
3908	Ale	Smith
3909	Amb	Walker
3910	Mar	Diaz
3911	Mar	Melton
3912	Mar	Pace
3913	Den	Smith
3914	Mar	Acosta
3915	Hea	Smith
3916	Mar	Hensley
3917	Ter	David
3918	Mar	Smith
3919	Cha	Little
3920	Zac	Smith
3921	Mar	Allen
3922	Eli	Smith
3923	Mar	King
3924	Reb	Smith
3925	Mar	Hicks
3926	Ann	Allison
3927	Mar	Smith
3928	Jos	Jones
3929	Ama	Levy
3930	Mar	Smith
3931	Lin	Vasquez
3932	Eve	Smith
3933	Mar	Gomez
3934	Jos	Smith
3935	Har	Hayes
3936	Mar	Fernandez
3937	Nan	Orozco
3938	Mar	Smith
3939	Jan	Kim
3940	Mar	Smith
3941	Jam	Harrell
3942	Ste	Smith
3943	Mar	Butler
3944	Jam	Smith
3945	Lau	Perez
3946	Nat	West
3947	Mar	Blake
3948	Geo	Smith
3949	Mar	Lee
3950	Joh	Duffy
3951	Mic	Smith
3952	Sha	Tucker
3953	Mar	Smith
3954	Ste	Nguyen
3955	Bry	Stanton
3956	Mar	Dickson
3957	Tho	Smith
3958	Ash	Moreno
3959	Lau	Shields
3960	Mar	Smith
3961	Bri	Riddle
3962	Kyl	Smith
3963	Mar	Ross
3964	Har	Smith
3965	Mar	Douglas
3966	Emm	Smith
3967	Mar	Nichols
3968	Cat	Pacheco
3969	Car	Smith
3970	Mar	Rodgers
3971	Joh	Smith
3972	Lau	Bennett
3973	Sha	Parsons
3974	Mar	Smith
3975	Lou	Meadows
3976	Joh	Costa
3977	Mar	Smith
3978	Bar	Simmons
3979	Mar	Wagner
3980	Fra	Smith
3981	Mar	Richards
3982	Rog	Oliver
3983	Mar	Smith
3984	Bre	Webster
3985	Deb	Gates
3986	Mar	Smith
3987	Ali	Allen
3988	Mar	Smith
3989	Mar	Harrison
3990	San	Smith
3991	Kev	Mitchell
3992	Gra	Smith
3993	Mar	Crawford
3994	Sus	Smith
3995	Kat	Gallegos
3996	Mar	Smith
3997	Mar	Walker
3998	Mat	Smith
3999	Sar	Coleman
4000	Mar	Ford
4001	Mar	Nixon
4002	Mar	Smith
4003	Jos	Harper
4004	Pau	Erickson
4005	Vir	Dyer
4006	Mar	Smith
4007	Ama	Brady
4008	Dia	Smith
4009	Mar	Ayers
4010	Mic	Smith
4011	Vic	Gallagher
4012	Mar	Smith
4013	Glo	Thornton
4014	Mar	Smith
4015	Sha	Mcconnell
4016	Mar	Smith
4017	Jam	Goodwin
4018	Mil	Smith
4019	Mar	Parsons
4020	Ang	Smith
4021	Cat	Shelton
4022	Mar	Harding
4023	Phi	Smith
4024	Mar	Thomas
4025	Jan	Schmidt
4026	Mar	Smith
4027	Rob	Blankenship
4028	Ros	Smith
4029	Mar	Roman
4030	Ang	Smith
4031	Mar	Wall
4032	Jen	Smith
4033	Geo	Simmons
4034	Pam	Alvarado
4035	Mar	Mullen
4036	Dav	Smith
4037	Meg	Kemp
4038	Mar	Smith
4039	Vir	Smith
4040	Har	Hart
4041	Mar	Santiago
4042	Mar	Smith
4043	Mar	Cabrera
4044	Ste	Smith
4045	Mar	Neal
4046	Eri	Smith
4047	Mar	Potter
4048	Mar	Smith
4049	Bri	Doyle
4050	Ste	Smith
4051	Chr	Barrera
4052	Mar	Smith
4053	Reb	Turner
4054	Mar	Smith
4055	Kev	Cline
4056	Mar	Smith
4057	Geo	Conner
4058	Mar	Smith
4059	Ale	Torres
4060	Mar	Smith
4061	Jef	Houston
4062	Eug	Smith
4063	Mar	Robinson
4064	Mil	Smith
4065	Mar	Mccullough
4066	Dia	Cordova
4067	Mar	Smith
4068	Lin	Hernandez
4069	Ste	Smith
4070	Mar	Steele
4071	Wil	Smith
4072	Ben	Clark
4073	Mar	Smith
4074	Bar	Smith
4075	Ama	Atkins
4076	Mar	Suarez
4077	Amy	Smith
4078	Mar	Gallegos
4079	Tim	Faulkner
4080	Mar	Smith
4081	Sha	Gordon
4082	Mar	Lyons
4083	Bet	Smith
4084	Bre	Cook
4085	Mar	Carr
4086	Jam	Smith
4087	Mar	Williams
4088	Kat	Reynolds
4089	Sam	Nunez
4090	Mar	Middleton
4091	Dor	Smith
4092	Amb	Williams
4093	Mar	Pacheco
4094	Jud	Smith
4095	Mar	Lewis
4096	Bev	Hodge
4097	Rus	Smith
4098	Mar	Lang
4099	Eve	Smith
4100	Mar	Wilson
4101	Mic	Collins
4102	Ale	Salas
4103	Mar	Smith
4104	Deb	Butler
4105	Mar	Smith
4106	Ang	Fisher
4107	Lar	Franklin
4108	Mar	Smith
4109	Sco	Shaffer
4110	Mar	Ho
4111	Mar	Smith
4112	Jon	Martin
4113	Fra	Smith
4114	Mar	Schultz
4115	Bob	Mcgee
4116	Mar	Smith
4117	Mat	Harrison
4118	Mar	Barton
4119	Pet	Smith
4120	Mar	Ortiz
4121	Cyn	Doyle
4122	Mar	Smith
4123	Eli	Andrews
4124	Jer	Larsen
4125	Mar	Smith
4126	Joh	Stokes
4127	Chr	Smith
4128	Mar	Simmons
4129	Ale	Chavez
4130	Amb	Smith
4131	Mar	Butler
4132	Tho	Smith
4133	Mar	Snyder
4134	Joh	Smith
4135	Mar	Kelly
4136	Joh	Estrada
4137	Roy	Hobbs
4138	Mar	Smith
4139	Mic	Cross
4140	Bra	Smith
4141	Mar	Wood
4142	Mat	Roth
4143	Mar	Smith
4144	Dav	Collins
4145	Tyl	Fernandez
4146	Mar	Brock
4147	Kar	Gillespie
4148	Deb	Hendrix
4149	Mar	Smith
4150	Jor	Riley
4151	Mar	Smith
4152	Deb	Martinez
4153	Kat	Torres
4154	Mar	Smith
4155	Sco	Camacho
4156	Mar	Smith
4157	Sar	Brewer
4158	Tyl	Smith
4159	Mar	Castillo
4160	Amy	Ryan
4161	Hea	York
4162	Ben	Smith
4163	Gra	Welch
4164	Mar	Smith
4165	Eli	Garcia
4166	Kat	Wise
4167	Mar	Roman
4168	Zac	Smith
4169	Mar	Palmer
4170	Deb	Smith
4171	Jor	White
4172	Mar	Ochoa
4173	Hel	Smith
4174	Mar	Hester
4175	Jul	Smith
4176	Mar	Ho
4177	Lin	Smith
4178	Edw	Martinez
4179	Nic	Sullivan
4180	Mar	Hicks
4181	Aar	Hudson
4182	Mar	Contreras
4183	Kat	Glover
4184	Bri	Smith
4185	Mar	Hendricks
4186	Jos	Smith
4187	Jes	Mack
4188	Mar	Smith
4189	Hea	Johnson
4190	Mar	Martinez
4191	Kim	Salazar
4192	Mar	Figueroa
4193	Dan	Haas
4194	Lis	Smith
4195	Kat	Lawrence
4196	Mar	Huffman
4197	Geo	Smith
4198	Tam	Guzman
4199	Mar	Smith
4200	Ral	Campbell
4201	Mar	Smith
4202	Kim	Griffin
4203	Eri	Nolan
4204	Mar	Smith
4205	Kev	Williams
4206	Mar	Ramos
4207	Lin	Luna
4208	Sam	Smith
4209	Mar	Lara
4210	Mat	Roach
4211	Mar	Smith
4212	Rob	Mendez
4213	Mic	Townsend
4214	Oli	Smith
4215	Mar	Phillips
4216	Mic	Smith
4217	Pau	Doyle
4218	Mar	Rodgers
4219	Lin	Smith
4220	Mar	Morgan
4221	Rob	Smith
4222	Wil	Gonzales
4223	Bet	Rhodes
4224	Mar	Smith
4225	Amy	Wright
4226	Kat	Smith
4227	Mar	Barnes
4228	Mic	Jennings
4229	Bar	Smith
4230	Dou	Allison
4231	Art	Smith
4232	Mar	Garza
4233	Mat	Smith
4234	Dor	Spencer
4235	Mar	Smith
4236	San	Monroe
4237	Mar	Smith
4238	Bry	Griffin
4239	Mar	Smith
4240	Ken	Collins
4241	Mar	Long
4242	Ben	Arroyo
4243	Mar	Smith
4244	Mar	Hooper
4245	Ste	Smith
4246	Mar	Cunningham
4247	Ann	Baldwin
4248	Jon	Smith
4249	Mar	Butler
4250	Sha	Smith
4251	Mar	Serrano
4252	Sus	Livingston
4253	Mar	Smith
4254	Mar	Roberts
4255	Bri	Smith
4256	Mar	Tate
4257	Wil	Smith
4258	Cha	Rogers
4259	Tho	Trujillo
4260	Deb	Smith
4261	Amb	Nguyen
4262	Mar	Smith
4263	Pau	Atkins
4264	Mic	Stuart
4265	Deb	Smith
4266	Mar	Edwards
4267	Ash	Peters
4268	Rut	Deleon
4269	Mar	Calderon
4270	Cha	Smith
4271	And	Alexander
4272	Mar	Brewer
4273	Wal	Osborne
4274	Mar	Smith
4275	San	Allen
4276	Jac	Page
4277	Mar	Juarez
4278	And	Smith
4279	Jac	Meyer
4280	Mar	Mccoy
4281	Ken	Phelps
4282	Mar	Smith
4283	Eug	Hardin
4284	Mar	Smith
4285	Joh	Cox
4286	Mar	Hunter
4287	Ste	Smith
4288	Mar	Avery
4289	Rob	Smith
4290	Lor	Davis
4291	Mar	Finley
4292	Sea	Smith
4293	Mar	Stanley
4294	Chr	Espinoza
4295	Jes	Smith
4296	Edw	Sanchez
4297	Mar	Torres
4298	Wal	Reyes
4299	Mar	Smith
4300	Mic	Lucas
4301	Emi	Smith
4302	Nic	Downs
4303	Mar	Smith
4304	Joe	Martinez
4305	Mar	Smith
4306	Jan	Griffin
4307	Mar	Mora
4308	Wil	Smith
4309	Eli	Gardner
4310	And	Smith
4311	Alb	Collins
4312	Mar	Smith
4313	Mar	Reid
4314	Cat	Curry
4315	Mar	Smith
4316	Kev	Tran
4317	Jea	Sutton
4318	Mar	Fletcher
4319	Mel	Smith
4320	Jor	Taylor
4321	Jua	Tanner
4322	Mar	Rasmussen
4323	Ste	Smith
4324	Car	Munoz
4325	Dou	Smith
4326	Mar	Ferguson
4327	Sar	Greene
4328	Dor	Smith
4329	Mar	Ayala
4330	Rob	Cantrell
4331	Dav	Smith
4332	Mar	Juarez
4333	Jan	Smith
4334	Sco	Parker
4335	Mar	Smith
4336	Dav	Reed
4337	Bra	Sullivan
4338	Mar	Michael
4339	Rut	Smith
4340	Ste	Beck
4341	Mar	Smith
4342	Dav	Hartman
4343	Don	Cuevas
4344	Jus	Smith
4345	Mar	Marshall
4346	Jam	Smith
4347	Ang	Merritt
4348	Mar	Smith
4349	Don	Williams
4350	Mar	Turner
4351	Pat	Mahoney
4352	Hen	Smith
4353	Mar	Sutton
4354	Lor	Clements
4355	Mar	Smith
4356	Ant	Klein
4357	Mar	Smith
4358	Jos	Pena
4359	Nat	Smith
4360	Mar	Romero
4361	Dav	Smith
4362	Chr	Clayton
4363	Mar	Smith
4364	Sam	Anderson
4365	Mar	Young
4366	Shi	Riley
4367	Dan	Moran
4368	Mar	Smith
4369	Joa	Johnson
4370	Mar	Smith
4371	Dor	Roberson
4372	Mar	Smith
4373	And	Elliott
4374	Mar	Smith
4375	Ste	Norton
4376	Sco	Smith
4377	Mar	Chang
4378	Wil	Smith
4379	Geo	Smith
4380	Mar	Lopez
4381	Jor	Becker
4382	Mar	Smith
4383	Nic	Collins
4384	Mar	Park
4385	Mar	Smith
4386	Ros	Foster
4387	Mar	Smith
4388	Ric	Moore
4389	Hea	Walker
4390	Kel	Mcknight
4391	Har	Smith
4392	Mar	Diaz
4393	Dav	Mcgrath
4394	Chr	Smith
4395	San	Gomez
4396	Mar	Smith
4397	Dia	Wright
4398	Mar	Yoder
4399	Ric	Smith
4400	Mad	Morris
4401	Mar	Hoover
4402	Hea	Smith
4403	Mar	Evans
4404	Hel	Smith
4405	Ann	Merritt
4406	Mar	Smith
4407	Mar	Ward
4408	Ann	Smith
4409	Mar	Foster
4410	Mar	Fitzgerald
4411	Kat	Smith
4412	Mar	Ellison
4413	Jam	Smith
4414	Rob	Lopez
4415	Sam	Mitchell
4416	Cry	Powell
4417	Art	Alvarez
4418	Mar	Mills
4419	Eli	Fernandez
4420	Sus	Owen
4421	Car	Smith
4422	Mar	Schwartz
4423	Emm	Smith
4424	Mar	Jordan
4425	Rob	Gibson
4426	Mar	Smith
4427	Edw	Soto
4428	Mar	Smith
4429	Sar	Graves
4430	Gra	Smith
4431	Mar	Johnson
4432	Ken	Gillespie
4433	Mic	Smith
4434	Mar	Brown
4435	Geo	Cross
4436	Jan	Smith
4437	Mar	Murphy
4438	Fra	Jennings
4439	Mar	Smith
4440	Jam	Garrett
4441	Don	Smith
4442	Jos	Davis
4443	Har	Smith
4444	Rus	Sullivan
4445	Mar	Jordan
4446	Cyn	Berry
4447	Mar	Wyatt
4448	Jos	Cisneros
4449	Pam	Smith
4450	Mar	Ward
4451	Jos	Smith
4452	Joy	Lopez
4453	Mar	Summers
4454	Rob	Smith
4455	Jes	Perry
4456	Eve	Spencer
4457	Rog	Smith
4458	Mar	Smith
4459	Bet	Neal
4460	Mar	Smith
4461	Jer	Miller
4462	Mar	Dillon
4463	Sam	Smith
4464	Mar	Johnson
4465	Joh	Sanchez
4466	Rac	Shaw
4467	How	Smith
4468	Mar	Stuart
4469	Rut	Maynard
4470	Mar	Smith
4471	Dan	Green
4472	Mar	Smith
4473	Chr	Jordan
4474	Mar	Smith
4475	Bob	Davis
4476	Mar	Ortiz
4477	Jon	Smith
4478	Mar	Shah
4479	Bil	Mooney
4480	Ala	Smith
4481	Mar	James
4482	Ran	Elliott
4483	Mar	Clarke
4484	Glo	Smith
4485	Mar	Young
4486	Pat	Carter
4487	Reb	Knight
4488	Fra	Smith
4489	Mar	Carter
4490	Eli	Smith
4491	Mar	Banks
4492	Pam	Hubbard
4493	Tif	Lang
4494	Mar	Smith
4495	Mar	White
4496	Jos	Hoffman
4497	Shi	Smith
4498	Mar	Brown
4499	Cyn	Price
4500	Jes	Fields
4501	Mar	Miranda
4502	Rut	Smith
4503	Mar	Trujillo
4504	Bet	Weiss
4505	Mar	Smith
4506	Mic	Mccann
4507	Mar	Smith
4508	Emm	Calderon
4509	Mar	Smith
4510	Rac	Cochran
4511	Mar	Smith
4512	Jan	Anderson
4513	Mar	Robinson
4514	Car	Nicholson
4515	Mar	Smith
4516	Har	Blake
4517	Mar	Cline
4518	Jen	Smith
4519	Kev	Russell
4520	Mar	Chavez
4521	Ger	Smith
4522	Mar	Dennis
4523	Mad	Smith
4524	Joh	Cooper
4525	Mar	Wong
4526	Car	Smith
4527	Mar	Rush
4528	Kar	Smith
4529	Ste	Morgan
4530	Mar	Smith
4531	Gar	Shaffer
4532	Ali	Smith
4533	Wal	Chavez
4534	Mar	Smith
4535	Rut	Brown
4536	Mar	Griffin
4537	Mic	Holloway
4538	Mat	Smith
4539	Jac	James
4540	Mar	Santos
4541	Mar	Harrington
4542	Lis	Barr
4543	Rus	Smith
4544	Mar	Warren
4545	And	Smith
4546	Mar	Garcia
4547	Mar	Molina
4548	Rut	Smith
4549	Mar	Jones
4550	Pat	Smith
4551	Jon	Blackwell
4552	Jan	Smith
4553	Mar	Carter
4554	Bra	Lang
4555	Mar	Smith
4556	Mar	Jackson
4557	Dav	Sutton
4558	Jen	Smith
4559	Mar	Mcdaniel
4560	Mar	Smith
4561	Sco	Stone
4562	Mar	Smith
4563	Mel	Powell
4564	Mar	Smith
4565	Mar	Stone
4566	Mar	Walton
4567	Ros	Smith
4568	Mar	Hodge
4569	Cha	Smith
4570	Kar	Morrison
4571	Cat	Roman
4572	Cry	Lucero
4573	Mar	Smith
4574	Mar	Mitchell
4575	Ash	Whitaker
4576	Deb	Smith
4577	Sco	Hudson
4578	Mar	Smith
4579	Wil	Zimmerman
4580	Cha	Smith
4581	Jes	May
4582	Bri	House
4583	Ter	Smith
4584	Mar	Yu
4585	Lau	Smith
4586	Mar	Bryant
4587	Ant	Smith
4588	Mel	Rosario
4589	Mar	Smith
4590	Mic	Raymond
4591	Eri	Smith
4592	Mar	Sanchez
4593	Ant	Jenkins
4594	Mar	Caldwell
4595	Chr	Smith
4596	Mar	Burns
4597	Lin	Smith
4598	Glo	Castro
4599	Mar	Smith
4600	Rog	Barron
4601	Mar	Huber
4602	Kar	Smith
4603	Emi	Coleman
4604	Mar	Pearson
4605	And	Horne
4606	Car	Smith
4607	Ste	Young
4608	Mar	Briggs
4609	Phi	Smith
4610	Mar	Richards
4611	Dor	Smith
4612	Mar	Wilson
4613	Ash	Gordon
4614	Mar	Smith
4615	Chr	Barnett
4616	Geo	Smith
4617	Jas	Keller
4618	And	Smith
4619	Mar	Nelson
4620	Car	Bennett
4621	Dor	Smith
4622	Mar	Holder
4623	Jes	Smith
4624	Ken	Matthews
4625	Mar	Smith
4626	Bri	Clark
4627	Eri	Lang
4628	Mar	Smith
4629	Kim	Davis
4630	Mar	Stark
4631	Car	Smith
4632	Bra	Baldwin
4633	Mar	Smith
4634	Pet	Greene
4635	Mar	Gamble
4636	Kar	Smith
4637	Mar	Hamilton
4638	Don	Hayes
4639	Kev	Smith
4640	Eri	Landry
4641	Rac	Smith
4642	Mar	Nunez
4643	Lou	Smith
4644	Mar	Dixon
4645	Ste	Smith
4646	Art	Ramos
4647	Mar	Smith
4648	Rya	Daniel
4649	Dia	French
4650	Mar	Smith
4651	Ger	Wright
4652	Mar	Smith
4653	Joh	Brady
4654	Ale	Smith
4655	Mar	Harper
4656	Eri	Smith
4657	Mar	Shaw
4658	Sar	Gallegos
4659	Pau	Smith
4660	Mar	Higgins
4661	Mil	Smith
4662	Mar	Zimmerman
4663	Pau	Smith
4664	Mar	Cole
4665	Jes	York
4666	Mar	Smith
4667	Che	Gonzalez
4668	Mar	Schwartz
4669	Rob	Smith
4670	Sha	Bailey
4671	Eri	Diaz
4672	Mar	Smith
4673	Way	Hodges
4674	Mar	Lynn
4675	Jes	Smith
4676	Don	Randolph
4677	Tim	Smith
4678	Mar	Jones
4679	Sar	Simpson
4680	Glo	Wall
4681	Mar	Smith
4682	Mar	Morales
4683	Mar	Lang
4684	Ann	Smith
4685	Tyl	Holt
4686	Mar	Smith
4687	Eve	Edwards
4688	Mar	Lam
4689	San	Smith
4690	Nic	Adams
4691	Phi	Petty
4692	Mar	Smith
4693	Way	Evans
4694	Mar	Rivera
4695	Han	Guerra
4696	Mar	Smith
4697	Kat	Singh
4698	Mar	Collier
4699	Wil	Smith
4700	Mar	Campbell
4701	Joy	Barker
4702	Mar	Smith
4703	Shi	Lewis
4704	Hen	James
4705	Mar	Smith
4706	Mar	Neal
4707	Vic	Smith
4708	Mar	Martin
4709	Jes	Robinson
4710	Mar	Briggs
4711	Rya	Smith
4712	Nic	Pope
4713	Jac	Smith
4714	Mar	Finley
4715	Ken	Smith
4716	Edw	Cooper
4717	Mar	Sanders
4718	Ste	Wagner
4719	Mar	Mcintosh
4720	Car	Smith
4721	Sco	Keith
4722	Sar	Mclean
4723	Ter	Smith
4724	Mar	Nelson
4725	Ger	Camacho
4726	Mar	Smith
4727	Ama	Estes
4728	Mar	Smith
4729	Rob	Kaufman
4730	Kar	Smith
4731	Han	Thompson
4732	Mar	Pierce
4733	Dia	Smith
4734	Ter	Wilson
4735	Mar	Harris
4736	Zac	Collins
4737	Mar	Mendoza
4738	Tho	Smith
4739	Mar	Jimenez
4740	Wil	Wolfe
4741	Mar	Smith
4742	Bob	Mcknight
4743	Mar	Smith
4744	Cyn	Rodriguez
4745	Mar	Brock
4746	Jea	Smith
4747	Jan	Thomas
4748	Mar	Smith
4749	Mic	Terry
4750	Mar	Smith
4751	Bra	Rowland
4752	Mar	Smith
4753	Dia	Cooper
4754	Mar	Santana
4755	Bet	Smith
4756	Mar	Stanley
4757	Geo	Smith
4758	Mar	Mendoza
4759	Cha	Lowe
4760	Cyn	Smith
4761	Mar	Shannon
4762	Cyn	Smith
4763	Mar	Byrd
4764	Chr	Smith
4765	Mar	Sweeney
4766	Tho	Smith
4767	Jen	Stephenson
4768	Ama	Hays
4769	Mar	Smith
4770	And	Malone
4771	Mar	Smith
4772	Rob	Gonzalez
4773	And	Smith
4774	Mar	Martinez
4775	Wal	Wright
4776	Mar	Potter
4777	Dav	Smith
4778	Amy	Campbell
4779	The	Turner
4780	Mar	Castillo
4781	Jan	Smith
4782	Mar	Powell
4783	Shi	Smith
4784	Mar	Williams
4785	Rac	Price
4786	Mar	Bond
4787	Bri	Smith
4788	Mar	Charles
4789	Kat	Richmond
4790	Mil	Smith
4791	Mar	Patton
4792	Dor	Montoya
4793	Cyn	Macdonald
4794	Jul	Mosley
4795	Mar	Smith
4796	Kel	Mcbride
4797	Rus	Branch
4798	Mar	Smith
4799	Pau	Jensen
4800	Mar	Smith
4801	Aar	Chambers
4802	Mar	Smith
4803	Kel	Andrews
4804	Mar	Smith
4805	Kar	Rivas
4806	Mar	Smith
4807	Ray	Rodgers
4808	Mar	Smith
4809	Eli	Gonzales
4810	Mar	Smith
4811	Kar	Dunn
4812	Nat	Fritz
4813	Mar	Smith
4814	Pau	Suarez
4815	Jer	Smith
4816	Bru	Short
4817	Mar	Hurley
4818	Ste	Smith
4819	Mar	Porter
4820	Jen	Smith
4821	Bri	Rangel
4822	Mar	Smith
4823	Dia	Thomas
4824	Mar	Sanchez
4825	Jac	Boyle
4826	Roy	Smith
4827	Mar	Day
4828	Dan	Leon
4829	Mar	Smith
4830	Hen	Jones
4831	Mar	Smith
4832	Ray	Navarro
4833	Mar	Smith
4834	Shi	Miller
4835	Kat	Diaz
4836	Mar	Smith
4837	Rob	Garcia
4838	Mar	Frank
4839	Ash	Smith
4840	Mar	Marshall
4841	Joh	Warner
4842	Rac	Smith
4843	Mar	Sandoval
4844	Lau	Wu
4845	Dou	Smith
4846	Mar	Lambert
4847	Mic	Smith
4848	Jen	Morgan
4849	Ter	Baxter
4850	Mar	Smith
4851	Kim	Mcgrath
4852	Jos	Smith
4853	Mar	Miller
4854	Lau	Owens
4855	Tyl	Key
4856	Mar	Smith
4857	Nan	Whitaker
4858	Mar	Smith
4859	Mic	Martinez
4860	Mar	Wiggins
4861	Reb	Smith
4862	Mar	Whitaker
4863	Eli	Smith
4864	Cry	Leon
4865	Mar	Smith
4866	Sea	Hoffman
4867	Mar	Smith
4868	And	Marks
4869	Mar	Smith
4870	Pam	Walker
4871	Jus	Hall
4872	Mar	Smith
4873	Sam	Wilson
4874	Mar	Taylor
4875	Edw	Peters
4876	Har	Smith
4877	Mar	Greene
4878	San	Smith
4879	Hel	Webb
4880	Car	Banks
4881	Kel	Smith
4882	Mar	Daniels
4883	Vin	Smith
4884	Mar	Wall
4885	Ken	Smith
4886	Ang	Moore
4887	Nic	Smith
4888	Mar	Berry
4889	Car	Smith
4890	Mar	Harrington
4891	Ric	Smith
4892	Mar	Nichols
4893	Wil	Smith
4894	Nan	Taylor
4895	Edw	Spencer
4896	Nic	Smith
4897	Mar	Garcia
4898	Jos	Ellis
4899	Mar	Bauer
4900	Jam	Trevino
4901	Bre	Smith
4902	Mar	Garcia
4903	Mar	Rodriguez
4904	Bru	Smith
4905	Mar	Hunter
4906	Ric	Smith
4907	Ama	Lopez
4908	Ann	Mccoy
4909	Mar	Smith
4910	Ray	Mcbride
4911	Mar	Smith
4912	Wil	Mcgee
4913	Jer	Smith
4914	Mar	Curtis
4915	Mat	Juarez
4916	Lar	Smith
4917	Lau	Campbell
4918	Mar	Gray
4919	Jud	Smith
4920	Glo	Ewing
4921	Mar	Smith
4922	Rob	Russo
4923	Cry	Smith
4924	Mar	Castillo
4925	Jul	Zavala
4926	Mar	Smith
4927	Car	Green
4928	Mar	Adams
4929	Jan	Harvey
4930	Mar	Preston
4931	Art	Smith
4932	Ger	Burton
4933	Mar	Smith
4934	Ric	Warner
4935	Sar	Nielsen
4936	Kyl	Smith
4937	Mar	Rogers
4938	Don	Smith
4939	Car	Jackson
4940	Mar	Snyder
4941	Mar	Smith
4942	Dav	Gill
4943	Pau	Sosa
4944	Geo	Smith
4945	Mar	Meza
4946	How	Smith
4947	Mar	Hobbs
4948	Emi	Smith
4949	Mar	Simmons
4950	Bri	Henry
4951	Mar	Peck
4952	Eli	Smith
4953	Pam	Burnett
4954	Mar	Smith
4955	Fra	Vaughn
4956	Mar	Smith
4957	Law	Kidd
4958	Mar	Smith
4959	Lau	Baldwin
4960	Mar	Smith
4961	Jus	Kim
4962	Art	Smith
4963	Mar	Smith
4964	Cha	Martinez
4965	Mar	Gutierrez
4966	Amb	Bradley
4967	Mar	Maldonado
4968	Joh	Lutz
4969	Mar	Smith
4970	Nan	Mitchell
4971	Mar	Hogan
4972	Mat	Smith
4973	Ala	Hubbard
4974	Mar	Smith
4975	Dia	Flores
4976	Mar	Smith
4977	How	Hayes
4978	Mar	Small
4979	Emi	Smith
4980	Mar	Wilson
4981	Ric	Shepherd
4982	Cyn	Smith
4983	Han	Snyder
4984	Mar	Smith
4985	Deb	Miller
4986	Kat	Cole
4987	Mar	Smith
4988	Mic	Pierce
4989	Mar	Smith
4990	Kar	Johnson
4991	Mar	Krause
4992	Gra	Smith
4993	Mar	Wilson
4994	Ant	Brooks
4995	Mar	Smith
4996	Chr	Zimmerman
4997	Roy	Todd
4998	Mar	Smith
4999	Vir	Green
5000	Mar	Cannon
5001	Ann	Waller
5002	Bry	Smith
5003	Mar	Alexander
5004	Dor	Friedman
5005	Mar	Smith
5006	Ann	Zimmerman
5007	Mar	Smith
5008	Don	Gibbs
5009	Aar	Smith
5010	Mar	Olsen
5011	Wil	Berg
5012	Kar	Smith
5013	Mar	Peters
5014	Pet	Smith
5015	Mar	Gutierrez
5016	Jam	Rangel
5017	Joy	Smith
5018	Jer	Gibson
5019	Mar	Smith
5020	Law	Weeks
5021	Mar	Smith
5022	Jud	Baker
5023	Mar	Smith
5024	Tho	Klein
5025	Pau	Stevenson
5026	Chr	Smith
5027	Mar	Collins
5028	Jos	Lucero
5029	Kev	Smith
5030	Ros	Harper
5031	Mar	George
5032	Chr	Fry
5033	Mar	Smith
5034	Ros	Williams
5035	Mar	Drake
5036	And	Smith
5037	Amb	Pearson
5038	Mar	Smith
5039	Chr	Perez
5040	Emi	Nicholson
5041	Mar	Smith
5042	And	Garner
5043	Mar	Smith
5044	Lin	Sanchez
5045	Nat	Stevens
5046	Mar	Smith
5047	Shi	Whitehead
5048	Joh	Smith
5049	Mar	Walton
5050	Sus	Nicholson
5051	Bre	Smith
5052	Lar	Meyer
5053	Mar	Smith
5054	Pau	Thomas
5055	Emm	Clay
5056	Mar	Smith
5057	Ang	Lee
5058	Mar	Salinas
5059	Deb	Smith
5060	Mar	Kelley
5061	Cha	Heath
5062	Don	Mosley
5063	Fra	Smith
5064	Mar	Carney
5065	Don	Smith
5066	Mar	Jones
5067	Rob	Glass
5068	Ann	Smith
5069	Mar	Martin
5070	Dor	Smith
5071	And	Campos
5072	Jac	Smith
5073	Mar	Frazier
5074	Kar	Smith
5075	Sha	Moore
5076	Mar	Jackson
5077	Don	Thompson
5078	Fra	Sparks
5079	Gre	Cameron
5080	Mar	Smith
5081	Eli	Kelley
5082	Sus	Smith
5083	Geo	Valentine
5084	Edw	Smith
5085	Jan	Jones
5086	Mar	Parker
5087	Mar	Figueroa
5088	Mar	Smith
5089	Jam	Holloway
5090	Mar	Brandt
5091	Sar	Smith
5092	Mar	Rodriguez
5093	Sar	Rice
5094	Mar	Smith
5095	Lou	York
5096	Mar	Smith
5097	Jen	Moore
5098	Jan	Allen
5099	Mar	Mercer
5100	Ste	Smith
5101	Mar	Ball
5102	Hea	Smith
5103	Mar	Davis
5104	Kev	Raymond
5105	Mar	Smith
5106	Dyl	Rivera
5107	Mar	Waters
5108	Vic	Smith
5109	Bev	Kim
5110	Mar	Smith
5111	Jan	Reilly
5112	Mar	Smith
5113	Jud	Osborne
5114	Mar	Smith
5115	Pau	Chang
5116	Dor	Smith
5117	Gra	Mosley
5118	Mar	Smith
5119	Bre	Miller
5120	Mar	Smith
5121	Sha	Holmes
5122	Mar	Smith
5123	Mic	Bender
5124	Amb	Smith
5125	Mar	Miller
5126	Kar	Roberts
5127	Mar	Smith
5128	Ang	Franklin
5129	Den	Smith
5130	Mar	Pope
5131	Ste	Barr
5132	Reb	Smith
5133	Gra	Olson
5134	Mar	Smith
5135	Har	Silva
5136	Mar	Yoder
5137	Jam	Smith
5138	Wil	Rivera
5139	Jan	Garner
5140	Mar	Walton
5141	Mar	Smith
5142	Mar	Faulkner
5143	Mar	Smith
5144	Mar	Montoya
5145	Jam	Smith
5146	Har	Graves
5147	Mar	Hurst
5148	Gra	Smith
5149	Mar	Davis
5150	Mar	Smith
5151	Sar	Alexander
5152	Mar	Andrews
5153	Eve	Smith
5154	Ter	Willis
5155	Mar	Rosario
5156	Ste	Smith
5157	Mar	Tyler
5158	Ash	Smith
5159	Mar	Thompson
5160	Ste	White
5161	Mar	Zavala
5162	Mar	Smith
5163	Pat	Freeman
5164	Ter	Vazquez
5165	Mar	Smith
5166	Jam	Thomas
5167	Lou	Salinas
5168	Mar	Smith
5169	Tif	Berger
5170	Mar	Smith
5171	Joa	Thompson
5172	Ann	Underwood
5173	Mar	Smith
5174	Hel	Miller
5175	Mar	Sullivan
5176	Jes	Smith
5177	Tif	Hughes
5178	Mar	Willis
5179	Rob	Smith
5180	Ray	Gordon
5181	Mar	Smith
5182	Tho	Morgan
5183	Mar	Schroeder
5184	Chr	Villarreal
5185	Mar	Smith
5186	Jas	Robinson
5187	Mar	Smith
5188	Mar	Grant
5189	Fra	Elliott
5190	Mar	Smith
5191	Eli	Wells
5192	Sus	Smith
5193	Ama	Stokes
5194	Mar	Smith
5195	Ste	Daniel
5196	Mar	Smith
5197	Bre	Jordan
5198	Mar	Smith
5199	Pat	Martinez
5200	Jen	Little
5201	Mic	Keith
5202	Mar	Smith
5203	Mar	Chandler
5204	And	Smith
5205	Dia	Adams
5206	Mar	Palmer
5207	Cat	Erickson
5208	Meg	Clarke
5209	Mar	Smith
5210	Tho	Kelly
5211	Bri	Compton
5212	Mar	Smith
5213	Bet	Moore
5214	Mar	Poole
5215	Amb	Smith
5216	Mar	Pitts
5217	Dav	Smith
5218	Tim	George
5219	Pat	Smith
5220	Mar	Evans
5221	Ama	Smith
5222	Eve	Vincent
5223	Mar	Smith
5224	Jan	Green
5225	Mar	Smith
5226	Mar	Cook
5227	Mad	Mcfarland
5228	Mar	Smith
5229	Tho	Butler
5230	Jas	Smith
5231	Mar	Reynolds
5232	Zac	Gonzales
5233	Mar	Sandoval
5234	Shi	Humphrey
5235	Mar	Smith
5236	Jes	Roberts
5237	Mar	Gilbert
5238	Fra	Smith
5239	Joh	Brown
5240	Mar	Patterson
5241	Emi	Jacobs
5242	Che	Wang
5243	Mar	Smith
5244	Ale	Meyer
5245	Mar	Montgomery
5246	Emi	Smith
5247	Mar	Hunter
5248	Jam	Smith
5249	Rob	Huffman
5250	Don	Smith
5251	Ste	Potts
5252	Mar	Smith
5253	Sus	Watkins
5254	Vic	Francis
5255	Mar	Marks
5256	Che	Smith
5257	Den	Boyd
5258	Mar	Hoffman
5259	Den	Smith
5260	Mar	Hartman
5261	Jen	Suarez
5262	Eri	Smith
5263	Ben	Taylor
5264	Mar	Smith
5265	Sar	Rogers
5266	Ada	Pratt
5267	Mar	Smith
5268	Ste	Blair
5269	Mar	Smith
5270	And	Johnson
5271	Mar	Hall
5272	Jea	Fuentes
5273	Mar	Smith
5274	Mic	Beard
5275	Ala	Smith
5276	Mar	Martin
5277	Jam	Morgan
5278	Ray	Kennedy
5279	Kat	Smith
5280	Mar	Day
5281	Jam	Smith
5282	Gar	Johnson
5283	Jac	Guerrero
5284	Mar	Smith
5285	Hea	Bentley
5286	Mar	Smith
5287	Mar	Wu
5288	Tim	Smith
5289	Jac	Russo
5290	Mar	Smith
5291	Car	Johnson
5292	Mar	Torres
5293	Mic	Callahan
5294	Nic	Smith
5295	Mar	Williams
5296	Eve	Jefferson
5297	Mar	Smith
5298	Lis	Moore
5299	Mar	Randall
5300	Jos	Smith
5301	Mar	Ward
5302	Bet	Smith
5303	Dia	Shepherd
5304	Mar	Smith
5305	Kat	Bailey
5306	Mar	Conley
5307	Nic	Herman
5308	Mar	Smith
5309	Jes	Johnston
5310	Rya	Baird
5311	Mar	Smith
5312	Nan	Flores
5313	Mar	Webb
5314	Kar	Smith
5315	Tam	Thomas
5316	Mar	Harris
5317	Mar	Bender
5318	Jes	Smith
5319	Mel	Harrison
5320	Mar	Garza
5321	Rob	Rowe
5322	Chr	Smith
5323	Jul	James
5324	Mar	Patterson
5325	Dia	Smith
5326	Sea	Spencer
5327	Mar	Mcbride
5328	Wil	Smith
5329	Jac	Townsend
5330	Mar	Smith
5331	Vic	Hines
5332	Mar	Smith
5333	Jam	Santiago
5334	Mic	Smith
5335	Phi	Paul
5336	Mar	Smith
5337	Sam	Stephenson
5338	Amb	Smith
5339	Mar	Moore
5340	Nic	Lewis
5341	Mar	West
5342	Wil	Flynn
5343	Mar	Smith
5344	Jac	Smith
5345	Mar	Martinez
5346	Joh	Carlson
5347	Mad	Smith
5348	Mar	Wilson
5349	Ken	Martin
5350	Tim	Solomon
5351	Mar	Smith
5352	Emm	Richards
5353	Mar	Smith
5354	Wil	King
5355	And	Reese
5356	Mar	Rasmussen
5357	Jea	Smith
5358	Mar	Smith
5359	Ray	Wu
5360	Mar	Smith
5361	Joh	Molina
5362	Bre	Hendricks
5363	Mar	Smith
5364	Tho	Colon
5365	Mar	Smith
5366	Law	Brooks
5367	Mar	Mccormick
5368	Ger	Smith
5369	Mar	Short
5370	And	Smith
5371	Emm	Robinson
5372	Mar	Smith
5373	Pat	Serrano
5374	Bra	Smith
5375	Jer	Holmes
5376	Mar	Smith
5377	Cry	Jones
5378	Mar	Frye
5379	Ral	Smith
5380	Mar	Cole
5381	Mar	Curry
5382	Mar	Smith
5383	Mar	Frye
5384	Chr	Smith
5385	Lis	Pope
5386	Bre	Smith
5387	Mar	Riley
5388	Dav	Ashley
5389	Mar	Smith
5390	Kim	Padilla
5391	Mar	Smith
5392	Ann	James
5393	Mar	Zimmerman
5394	Dia	Smith
5395	Mar	Bell
5396	Che	Smith
5397	Mar	Nelson
5398	Jam	Rogers
5399	Jea	Smith
5400	Mar	Torres
5401	Amb	Smith
5402	Cry	Ryan
5403	Mar	Smith
5404	Sar	Castillo
5405	Han	Deleon
5406	Mar	Whitehead
5407	Jos	Smith
5408	Reb	Zamora
5409	Eth	Smith
5410	Mar	Davis
5411	Rob	Crane
5412	Rog	Smith
5413	Mar	Smith
5414	Hel	Christensen
5415	Mar	Smith
5416	Jus	Garcia
5417	Den	Meyer
5418	Mar	Roy
5419	Jen	Smith
5420	Dyl	Hicks
5421	Mar	Carlson
5422	Mic	Smith
5423	Rut	Brown
5424	Mar	Howard
5425	Mar	Aguirre
5426	Mar	Smith
5427	Bet	Lester
5428	Mar	Smith
5429	Bet	Villegas
5430	Emm	Smith
5431	Jud	Peck
5432	Den	Smith
5433	Mar	Flores
5434	Mar	Melendez
5435	Mar	Smith
5436	Mar	Jones
5437	Aus	Estes
5438	Mar	Smith
5439	Sam	Jones
5440	Mar	Malone
5441	Sha	Smith
5442	Jud	Mccarthy
5443	Mar	Smith
5444	Amy	Stevenson
5445	Ale	Pugh
5446	Mar	Smith
5447	Jam	Watkins
5448	Kel	English
5449	Mar	Smith
5450	Joh	Harris
5451	Way	Torres
5452	Mar	Olson
5453	Gra	English
5454	Mar	Smith
5455	Emi	Simmons
5456	Joh	Smith
5457	Mar	Conrad
5458	Har	Smith
5459	Mar	Chambers
5460	Lor	Smith
5461	Mar	Daniels
5462	Jam	Greene
5463	Mar	Schultz
5464	Pet	Smith
5465	Mar	Jones
5466	Car	Torres
5467	Mar	Page
5468	Kat	Smith
5469	Mar	Bradley
5470	Rob	Sawyer
5471	Don	Smith
5472	Joy	Vance
5473	Ran	Smith
5474	Mar	Sanchez
5475	Deb	Smith
5476	Lau	Phillips
5477	Mar	Smith
5478	Meg	Bailey
5479	Mar	Smith
5480	Mat	Jones
5481	Mar	Hall
5482	Ant	Morrison
5483	Mar	Smith
5484	Ste	Clark
5485	Kat	Bishop
5486	Mar	Smith
5487	Eug	Rogers
5488	Mar	Cisneros
5489	Ter	Smith
5490	Mar	Richardson
5491	Sha	Smith
5492	Fra	Delgado
5493	Mar	Cochran
5494	Ros	Smith
5495	Mar	Flores
5496	Kev	Acosta
5497	Kat	Skinner
5498	Mar	Smith
5499	Kar	Santiago
5500	Dia	Smith
5501	Sam	White
5502	Mar	Fritz
5503	Tif	Smith
5504	Mar	Brown
5505	Jos	Matthews
5506	Gre	Smith
5507	Car	Thomas
5508	Mar	Marquez
5509	Dia	Smith
5510	Mar	Bush
5511	Lin	Smith
5512	Tim	Mccormick
5513	Mar	Smith
5514	Lin	Collins
5515	Mar	Smith
5516	Mar	Woods
5517	Mar	Wagner
5518	Pat	Smith
5519	Deb	Archer
5520	Vir	Smith
5521	Mar	Williamson
5522	Reb	Smith
5523	Mar	Krueger
5524	Mar	Gamble
5525	Kev	Smith
5526	Mar	Reid
5527	Jos	Smith
5528	Nat	Kent
5529	Mar	Smith
5530	Don	Anderson
5531	Phi	Bowman
5532	Mar	Smith
5533	Mar	Harrison
5534	Eli	Smith
5535	And	Cowan
5536	Mar	Smith
5537	Jam	Bryan
5538	Lis	Smith
5539	Mar	Lopez
5540	Deb	Smith
5541	Joh	Clements
5542	Mar	Smith
5543	Pat	Perez
5544	Mar	Welch
5545	Dav	Walton
5546	Jer	Smith
5547	Mar	Perry
5548	Mic	Crawford
5549	Kat	Smith
5550	Mar	Lee
5551	Dia	Lambert
5552	Mar	Smith
5553	Pat	Lewis
5554	Han	Ferguson
5555	Mar	Smith
5556	Ric	Burns
5557	Ann	Smith
5558	Mar	Randall
5559	Ali	Smith
5560	Mar	Rodriguez
5561	Jer	Garner
5562	Mar	Smith
5563	Pau	Trevino
5564	Mar	Smith
5565	Lau	Orr
5566	The	Smith
5567	Mar	Garza
5568	Eri	Smith
5569	Kat	Austin
5570	Mar	Smith
5571	Dav	Murphy
5572	Ric	Smith
5573	Jor	Ortiz
5574	Mar	Castillo
5575	Ric	Smith
5576	Ali	Meyer
5577	Mar	Smith
5578	Sar	Becker
5579	Mar	Hurley
5580	Kat	Smith
5581	Mar	Miller
5582	Glo	Larson
5583	Mar	Skinner
5584	Rut	Smith
5585	Mar	Wilson
5586	Cat	Smith
5587	Bra	Williams
5588	Jan	Hopkins
5589	Mar	Smith
5590	Fra	Williams
5591	Emm	Schwartz
5592	Mar	Bush
5593	Jac	Smith
5594	Mar	Davidson
5595	Sam	Santos
5596	Mar	Smith
5597	Rob	Irwin
5598	Sha	Smith
5599	Mar	Galvan
5600	Hel	Smith
5601	Deb	Roberts
5602	Mar	Parrish
5603	Dav	Smith
5604	Fra	Randall
5605	Mar	Smith
5606	Ter	White
5607	Mar	Heath
5608	Jam	Smith
5609	Mic	Bailey
5610	Mar	Wheeler
5611	Mic	Williamson
5612	Mar	Huang
5613	Mic	Smith
5614	Car	Adams
5615	Alb	Smith
5616	Mar	Dudley
5617	Bar	Smith
5618	Vic	Morales
5619	Mar	Smith
5620	Ran	Watts
5621	Mar	Smith
5622	Ron	Hall
5623	Jos	Haley
5624	Mar	Mata
5625	Tho	Smith
5626	Fra	Morgan
5627	Jud	Ferguson
5628	Zac	Holt
5629	Mar	Carey
5630	Ray	Smith
5631	Glo	Goodman
5632	Dou	Mcbride
5633	Mar	Smith
5634	Car	Sullivan
5635	Mar	Chavez
5636	Han	Smith
5637	Mar	Wong
5638	Tyl	Smith
5639	Mar	Foster
5640	Mat	Smith
5641	Eri	Cohen
5642	Mar	Smith
5643	Tif	Caldwell
5644	Car	Horn
5645	Mar	Villegas
5646	Chr	Smith
5647	Mar	Phelps
5648	Jos	Smith
5649	Mar	Nguyen
5650	Jos	Hutchinson
5651	Mic	Smith
5652	Mar	Garcia
5653	Jea	Schultz
5654	Jer	Smith
5655	Mar	Bryant
5656	Mar	Smith
5657	Mar	James
5658	Mic	Wiley
5659	Bet	Smith
5660	Mar	Maldonado
5661	Chr	Smith
5662	Mar	Figueroa
5663	Jen	Smith
5664	Ter	Allen
5665	Mar	Smith
5666	Kat	Martin
5667	Mar	Smith
5668	Chr	Hawkins
5669	Mar	Smith
5670	Rac	Bailey
5671	Jac	Lam
5672	Mar	Smith
5673	Jea	Dunn
5674	Eth	Cross
5675	Mar	Juarez
5676	Wil	Smith
5677	Pau	Mccullough
5678	Nat	Smith
5679	Mar	Rodriguez
5680	Lau	Young
5681	Hea	Green
5682	Mar	Proctor
5683	Rac	Smith
5684	Mar	Harmon
5685	Jos	Smith
5686	Mar	James
5687	Mar	Chapman
5688	Rob	Smith
5689	Tho	Ramsey
5690	Mar	Smith
5691	Jam	Brown
5692	Shi	Harvey
5693	Amb	Smith
5694	Mar	Potter
5695	Jef	Smith
5696	Mar	Rogers
5697	Dor	Shields
5698	Mar	Smith
5699	Mil	Murphy
5700	Mar	Simmons
5701	Mar	Smith
5702	Kar	Johnson
5703	Mar	Chang
5704	Mat	Smith
5705	Joy	Frazier
5706	Mar	Chan
5707	Kat	Sampson
5708	Mar	Smith
5709	Shi	Johnson
5710	Mar	Garcia
5711	Nic	Patterson
5712	Mar	Smith
5713	Mic	Pope
5714	Chr	Meza
5715	Kel	Smith
5716	Mar	Hawkins
5717	Rob	Andrews
5718	Phi	Nixon
5719	Mar	Smith
5720	Pet	Cooper
5721	Rog	Conner
5722	Mar	Smith
5723	Sam	Howard
5724	Chr	Doyle
5725	Mar	Smith
5726	Ter	Hartman
5727	Mar	Smith
5728	Sar	Montoya
5729	Lou	Smith
5730	Mar	Ashley
5731	Jen	Smith
5732	Jac	Perry
5733	Ran	Fisher
5734	Mar	Stanley
5735	Ash	Aguirre
5736	Mar	Smith
5737	Bre	Miller
5738	Mil	Taylor
5739	Mar	Palmer
5740	Law	Smith
5741	Mar	Spencer
5742	Lau	Smith
5743	Mar	Ball
5744	Wal	Smith
5745	Mar	Rodriguez
5746	Jul	Anderson
5747	Mar	Morrison
5748	Sha	Mann
5749	Mar	Smith
5750	Wil	Brown
5751	Mar	Pierce
5752	Bar	Smith
5753	Mar	Arellano
5754	Car	Smith
5755	Mar	Shah
5756	Mar	Osborn
5757	Zac	Smith
5758	Jor	Johnson
5759	Mar	Brown
5760	Lar	Beltran
5761	Mar	Smith
5762	Cry	Foster
5763	Mar	Smith
5764	Wil	Weiss
5765	Mar	Smith
5766	Mar	Melton
5767	Joh	Smith
5768	San	Byrd
5769	Fra	Smith
5770	Bra	Johnson
5771	Mar	Mcmahon
5772	And	Smith
5773	Mar	Ellis
5774	Vir	Smith
5775	Joy	Garcia
5776	Alb	Martin
5777	Mar	Terry
5778	Eve	Smith
5779	Mar	Powell
5780	Mar	Smith
5781	Jac	Stanley
5782	Mar	Hardin
5783	Dan	Smith
5784	Mat	Wolfe
5785	Mar	Frost
5786	Bri	Smith
5787	Jor	Medina
5788	Mar	Barrera
5789	Kat	Smith
5790	Mar	Young
5791	Deb	Lutz
5792	Mar	Smith
5793	Mar	Weeks
5794	Bru	Werner
5795	Mar	Smith
5796	Cry	Hamilton
5797	Roy	Smith
5798	Mar	Butler
5799	Kei	Singleton
5800	Mar	Smith
5801	The	Pearson
5802	Mar	Smith
5803	Reb	Stewart
5804	Mar	Burns
5805	Ray	Bray
5806	Mar	Smith
5807	Edw	Silva
5808	Ama	Smith
5809	Mar	Nunez
5810	Ant	Smith
5811	Mar	Edwards
5812	Ang	Smith
5813	Mar	Brock
5814	Deb	Smith
5815	Mar	Proctor
5816	Bar	Smith
5817	Mar	Diaz
5818	Bra	Smith
5819	Mar	Leon
5820	Mar	Smith
5821	Jes	Humphrey
5822	Mar	Smith
5823	Mar	Gardner
5824	Jam	Smith
5825	Roy	Mckay
5826	Mar	Smith
5827	Ang	Fox
5828	Kat	Oconnell
5829	Mar	Smith
5830	Mar	Walker
5831	Pat	Smith
5832	Jen	Scott
5833	Jes	Smith
5834	And	Fernandez
5835	Jus	Hoffman
5836	Mar	Orr
5837	Den	Coffey
5838	Mar	Smith
5839	Dav	Williams
5840	And	Nunez
5841	Mar	Smith
5842	Lis	Davis
5843	Jac	Frost
5844	Mar	Smith
5845	Dan	Bruce
5846	Bet	Smith
5847	Mar	Torres
5848	Tam	Sloan
5849	Mar	Conrad
5850	Rob	Maddox
5851	Ray	Smith
5852	Mar	Harris
5853	Ral	Hicks
5854	Mar	Smith
5855	Dan	Young
5856	Mel	Gomez
5857	Mar	Gregory
5858	Joh	Smith
5859	Ron	Wilson
5860	Ala	Kelly
5861	Mar	Mann
5862	Dav	Cantu
5863	Amy	Smith
5864	Mar	Gentry
5865	Dav	Middleton
5866	Dan	Smith
5867	Bev	Jackson
5868	Mar	Baxter
5869	Mar	Smith
5870	Joh	Hughes
5871	Cyn	Jordan
5872	Mar	Smith
5873	Jer	Clark
5874	Mar	Smith
5875	Mar	Rodgers
5876	Kev	Smith
5877	Mar	Patel
5878	Sha	Smith
5879	Mar	Martin
5880	Jen	Kerr
5881	Dor	Smith
5882	Mar	Ruiz
5883	Jam	Garner
5884	Gar	Smith
5885	Mar	Parker
5886	Ann	Smith
5887	Mar	Peters
5888	Don	Rowland
5889	Jon	Smith
5890	Mar	Baldwin
5891	Mar	Chang
5892	Cat	Smith
5893	Mar	Young
5894	Lau	Smith
5895	Mar	Sullivan
5896	Way	Graham
5897	Mar	Griffin
5898	Emi	Jacobs
5899	Mar	Hubbard
5900	Jam	Kaiser
5901	Mat	Smith
5902	Mar	Jones
5903	Vir	Smith
5904	Cat	Peterson
5905	Den	Smith
5906	Aus	Anderson
5907	Mar	Proctor
5908	Emi	Smith
5909	Cat	Owens
5910	Mar	Heath
5911	And	Smith
5912	Mar	Palmer
5913	Cyn	Daniel
5914	Nic	Smith
5915	Mar	Hamilton
5916	Kar	Hicks
5917	Ash	Smith
5918	Jef	Wright
5919	Mar	Santiago
5920	Dor	Smith
5921	Mar	Buchanan
5922	Sha	Mercado
5923	Mar	Smith
5924	Vir	Williams
5925	Meg	Bennett
5926	Mar	Smith
5927	Chr	Cooper
5928	Jan	Chavez
5929	Mar	Shepherd
5930	Sar	Smith
5931	Mar	Herrera
5932	Cha	Smith
5933	Meg	Reyes
5934	Mar	Summers
5935	Mar	Smith
5936	Mic	Davis
5937	Wil	Costa
5938	Don	Smith
5939	Shi	Moore
5940	Mar	Hartman
5941	Dou	Smith
5942	Wal	Perez
5943	Mar	Sherman
5944	Ste	Smith
5945	Mar	Young
5946	Dan	Smith
5947	Eri	Moyer
5948	Mar	Smith
5949	Rya	Howell
5950	Mar	Smith
5951	Bre	Oconnell
5952	Jac	Smith
5953	Mar	Sparks
5954	Amy	Smith
5955	Mil	Burke
5956	Mar	Buchanan
5957	Har	Smith
5958	Mar	Brown
5959	Tho	Humphrey
5960	Mar	Smith
5961	Kev	Ruiz
5962	Jor	Smith
5963	Joh	Smith
5964	Mar	Brown
5965	Ric	Parker
5966	Jos	Stone
5967	Mat	Farmer
5968	Deb	Smith
5969	Ada	Hampton
5970	Mar	Smith
5971	Phi	Johnson
5972	Mar	Burton
5973	Mic	Smith
5974	Har	Weiss
5975	Mar	Smith
5976	Wil	Estrada
5977	Ama	Shaffer
5978	Lau	Smith
5979	Mar	Kerr
5980	Bet	Smith
5981	Ron	Williamson
5982	Sha	Smith
5983	Mar	Anderson
5984	Jan	Norton
5985	Mar	Smith
5986	Mat	Rowe
5987	Mar	Smith
5988	Mel	Miller
5989	Kat	Becker
5990	Mar	Summers
5991	Ste	Smith
5992	Mar	Cross
5993	Aus	Clayton
5994	Mar	Smith
5995	Emm	Foster
5996	Mar	Smith
5997	Jon	Jones
5998	Mar	Cline
5999	Ran	Smith
6000	Mar	Wilkins
6001	And	Smith
6002	Nat	Reyes
6003	Mar	Smith
6004	Mar	Smith
6005	Emi	Alexander
6006	Mar	Smith
6007	Edw	Mitchell
6008	Mar	Cervantes
6009	Mar	Smith
6010	Nan	Casey
6011	Phi	Smith
6012	Mar	Mayo
6013	Pet	Smith
6014	Mar	Washington
6015	Emi	Banks
6016	Mar	Smith
6017	Jua	Wells
6018	Mar	Smith
6019	Mar	Chambers
6020	Mar	Smith
6021	Jan	Harrison
6022	Mar	Smith
6023	Shi	Webb
6024	Jes	Berry
6025	Mar	Smith
6026	Dia	Smith
6027	Mar	Moore
6028	Eli	Fritz
6029	Don	Smith
6030	Ale	Adams
6031	Mar	Nguyen
6032	Ros	Smith
6033	Mar	Pitts
6034	Che	Smith
6035	Mar	Craig
6036	Bar	Smith
6037	Dor	Carter
6038	Sha	Brooks
6039	The	Mills
6040	Mar	Smith
6041	Dan	Woods
6042	Mar	Smith
6043	Ama	Robinson
6044	Meg	Fernandez
6045	Mar	Christensen
6046	Bra	Merritt
6047	Mar	Smith
6048	Mar	Hanson
6049	Pat	Smith
6050	Reb	Arnold
6051	Gre	Hoffman
6052	Mar	Harding
6053	Dav	Smith
6054	Ric	Reilly
6055	Car	Smith
6056	Han	Flores
6057	Mar	Lyons
6058	Lau	Smith
6059	Mar	Diaz
6060	Mic	Smith
6061	Mar	Powell
6062	Tho	Mejia
6063	Jud	Meadows
6064	Mar	Smith
6065	Tho	Simmons
6066	Mar	Mora
6067	Mar	Smith
6068	Mic	Green
6069	Hel	Smith
6070	Deb	Espinoza
6071	Mar	Wu
6072	Ste	Smith
6073	Mar	Campos
6074	Dan	Smith
6075	Mar	Smith
6076	Amy	Hurst
6077	Car	Smith
6078	Rog	Clark
6079	Bru	Perkins
6080	Mar	Smith
6081	Lau	Bennett
6082	Mar	Smith
6083	And	Scott
6084	Mar	Smith
6085	Rog	Flores
6086	Mar	Hutchinson
6087	Eve	Smith
6088	Mar	Brooks
6089	Lau	Blair
6090	Mar	Smith
6091	Ala	Hunt
6092	Mar	Smith
6093	Dou	Jacobs
6094	Ger	Dorsey
6095	Mar	Smith
6096	Bre	Boyd
6097	Hea	Smith
6098	Mar	Meadows
6099	Hel	Smith
6100	Jos	Blake
6101	Mar	Smith
6102	Hen	Hamilton
6103	Mar	Mullen
6104	Rog	Cordova
6105	Mar	Smith
6106	Pau	Moore
6107	Mar	Schmidt
6108	Emm	Smith
6109	Zac	Tate
6110	Mar	Smith
6111	Cyn	Mcbride
6112	Pet	Smith
6113	Mar	Davis
6114	San	Nguyen
6115	Mar	Smith
6116	Kim	Tanner
6117	Glo	Smith
6118	Mar	Smith
6119	San	Leach
6120	Mar	Smith
6121	Jac	Mosley
6122	Joh	Smith
6123	Mar	Anderson
6124	Wil	Walter
6125	Jer	Pennington
6126	Mar	Smith
6127	Deb	Turner
6128	Mar	Larsen
6129	Eli	Smith
6130	Don	Rodriguez
6131	Mar	Bennett
6132	Mad	Smith
6133	Mar	Smith
6134	Jam	Reyes
6135	Ale	Smith
6136	Mar	Yu
6137	Eri	Smith
6138	The	Khan
6139	Mar	Jarvis
6140	Wil	Smith
6141	Mar	Cooley
6142	And	Smith
6143	Deb	Barber
6144	Mar	Smith
6145	Tif	Wade
6146	Mar	Rowe
6147	Dan	Smith
6148	Mar	Crawford
6149	Mat	Bush
6150	Wil	Smith
6151	Mar	Jones
6152	Jos	Jordan
6153	Mar	Smith
6154	Ste	Hodges
6155	Chr	Smith
6156	Mar	Hernandez
6157	Sus	Gomez
6158	Car	Hobbs
6159	Mar	Smith
6160	Wil	Schroeder
6161	Ben	Smith
6162	Way	Hood
6163	Mar	Smith
6164	Jua	Bailey
6165	Mar	Gardner
6166	Mar	Smith
6167	Lar	Ryan
6168	Art	Li
6169	Mar	Smith
6170	Han	Sandoval
6171	Mar	Mcdowell
6172	Jam	Smith
6173	Ama	Lewis
6174	Car	Bright
6175	Mar	Smith
6176	Wil	Garza
6177	Oli	Bradford
6178	Mar	Smith
6179	Sam	Henderson
6180	Mar	Smith
6181	Dav	Lucas
6182	Pam	Smith
6183	Mar	Gray
6184	Jam	Potter
6185	Don	Smith
6186	Ran	Figueroa
6187	Mar	Hess
6188	Kev	Davies
6189	Mar	Smith
6190	Joh	Hoover
6191	Don	Smith
6192	Tyl	Singh
6193	Mar	Li
6194	Rob	Holloway
6195	Wil	Smith
6196	Jen	Stewart
6197	Den	Durham
6198	Jer	Smith
6199	Mar	Jacobs
6200	Bre	Robles
6201	Jud	Smith
6202	Mar	Williams
6203	Jac	Oconnor
6204	Mar	Clarke
6205	Jas	Smith
6206	Mar	Patton
6207	Dan	Smith
6208	Emm	Johnson
6209	Mar	Lopez
6210	Ric	Smith
6211	Nic	Dyer
6212	Mar	Smith
6213	Mic	Richardson
6214	Mel	Palmer
6215	Mar	Rush
6216	Tho	Smith
6217	Rog	Black
6218	Mar	Smith
