6219	Wal	Simon
6220	Mar	Smith
6221	And	Mcgee
6222	Ste	Smith
6223	Car	Stein
6224	Sco	Howe
6225	Mar	Smith
6226	Joh	Jones
6227	Dav	Weber
6228	Rog	Davila
6229	Mar	Smith
6230	Ken	Cameron
6231	Mar	Smith
6232	Jan	Webb
6233	Mar	Elliott
6234	Mar	Smith
6235	Ste	Brown
6236	Mar	Martinez
6237	Bob	Anderson
6238	Mar	Young
6239	Kar	Mcdonald
6240	Vir	Elliott
6241	Mar	Clay
6242	Dav	Smith
6243	Vir	Odom
6244	Mar	Smith
6245	Mar	Taylor
6246	Mel	Ramirez
6247	Mar	Smith
6248	Ron	Hanson
6249	Mar	Andrade
6250	Sar	Smith
6251	Mar	Guerra
6252	Kev	Smith
6253	Mar	Peterson
6254	Cha	Day
6255	Jos	Smith
6256	Mar	Murray
6257	Ali	Boyd
6258	Mar	Smith
6259	Sam	Morales
6260	Mar	Randolph
6261	Dav	Smith
6262	Mar	Brennan
6263	Joh	Smith
6264	Tho	Irwin
6265	Mar	Smith
6266	Deb	Hunter
6267	Jua	Smith
6268	Mar	Summers
6269	Cha	Phelps
6270	Jul	Smith
6271	Mar	Gutierrez
6272	Cha	Simmons
6273	Ste	Smith
6274	Mar	Ramsey
6275	Jan	Smith
6276	Mar	Forbes
6277	Eug	Smith
6278	Mar	Brown
6279	Gar	Lewis
6280	Mar	Day
6281	Eug	Calderon
6282	Mar	Smith
6283	Joa	Case
6284	Mar	Smith
6285	Mar	Garcia
6286	Ran	Woodward
6287	Mar	Smith
6288	Cat	Johnson
6289	Mad	Gould
6290	Mar	Smith
6291	Dor	Hale
6292	Mar	Smith
6293	Mar	Porter
6294	Tho	Smith
6295	Jes	Parker
6296	Mar	Smith
6297	Pat	Contreras
6298	Mar	Smith
6299	Ric	Robinson
6300	Wil	Russell
6301	Mar	Weaver
6302	Chr	Tapia
6303	Mar	Smith
6304	Jus	Parker
6305	Mar	Smith
6306	Don	Browning
6307	Gre	Smith
6308	Mar	Wu
6309	Cyn	Smith
6310	Jer	Deleon
6311	Mar	Lloyd
6312	And	Smith
6313	Zac	Smith
6314	Vin	Williams
6315	Mar	Lee
6316	Kyl	Smith
6317	Mar	Baker
6318	Ger	Garza
6319	Mar	Merritt
6320	Rya	Smith
6321	Mar	Mcneil
6322	Ric	Smith
6323	Ger	Roberts
6324	Mar	Barrera
6325	Vic	Smith
6326	Mar	Harris
6327	Mar	Coleman
6328	Aus	Walters
6329	Bru	Smith
6330	Mar	Hodges
6331	Amy	Smith
6332	Mar	Kelly
6333	Ral	Smith
6334	Dyl	Fleming
6335	Mar	Smith
6336	Ric	Maddox
6337	Mar	Smith
6338	Sha	Snyder
6339	Mar	Bush
6340	Lin	Key
6341	Dan	Smith
6342	Kim	Blair
6343	Nic	Tanner
6344	Mar	Smith
6345	Dav	Miller
6346	Mar	Cooley
6347	Mar	Smith
6348	Mar	Henson
6349	Aar	Smith
6350	Mar	Wilson
6351	Mic	Atkins
6352	Mad	Smith
6353	Mar	Rogers
6354	Mat	Jordan
6355	Kel	Bradley
6356	Mar	Smith
6357	Rut	Moore
6358	Mar	Ortega
6359	Jer	Smith
6360	Mar	Phillips
6361	Mar	Mcfarland
6362	Eth	Smith
6363	Mar	Freeman
6364	Meg	Hudson
6365	Mar	Smith
6366	Joh	Stout
6367	Dan	Smith
6368	Mar	Morales
6369	Lin	Gordon
6370	And	Smith
6371	Mar	Lloyd
6372	Hen	Smith
6373	Mar	Walker
6374	Reb	Briggs
6375	Mar	Smith
6376	Cry	Rodriguez
6377	Mar	Lee
6378	Ste	Elliott
6379	Vir	Smith
6380	Mar	Rivers
6381	Geo	Smith
6382	Mar	Morales
6383	Dav	Maxwell
6384	Roy	Smith
6385	Ala	Jennings
6386	Mar	Smith
6387	Joh	Jacobs
6388	Emm	Smith
6389	Mar	King
6390	Joe	Daniel
6391	Mar	Smith
6392	Pat	Greene
6393	Mar	Smith
6394	Jac	Carroll
6395	Mar	Page
6396	Fra	Smith
6397	Mar	Carr
6398	Tam	Smith
6399	Mar	Jones
6400	Cha	Waller
6401	Joa	Smith
6402	Mar	Frazier
6403	Che	Cochran
6404	Dyl	Smith
6405	Mar	Anderson
6406	Dan	Clark
6407	Ste	Smith
6408	Kev	Cooper
6409	Mar	Mclaughlin
6410	Ste	Smith
6411	Lau	Boyd
6412	Mar	Smith
6413	Mic	Massey
6414	Mar	Smith
6415	Ter	Carpenter
6416	Mar	Smith
6417	Hel	Gomez
6418	Oli	Owens
6419	Mar	Smith
6420	Jac	Mahoney
6421	Mar	Smith
6422	Jon	Richmond
6423	Dyl	Smith
6424	Mar	Juarez
6425	Rut	Smith
6426	Mar	Wade
6427	Nic	Strickland
6428	Mar	Smith
6429	Bri	Wilson
6430	Mar	Jackson
6431	Ric	Smith
6432	Phi	Maldonado
6433	Mar	Smith
6434	Reb	Carter
6435	Jud	Smith
6436	Mar	Payne
6437	Sar	Duarte
6438	Pet	Smith
6439	Mar	Booth
6440	Jes	Smith
6441	Mar	Harris
6442	Ama	Kelly
6443	Mar	Salazar
6444	Joh	Smith
6445	Emm	Tucker
6446	Mar	Smith
6447	Hel	Mitchell
6448	Mar	Lawrence
6449	Dan	Padilla
6450	Mar	Smith
6451	Mar	Bradley
6452	Tif	Smith
6453	Mar	Crane
6454	Kat	Smith
6455	Eth	Brown
6456	Mar	Richardson
6457	Dor	Coleman
6458	Jon	Franco
6459	Vin	Valenzuela
6460	Mar	Smith
6461	Pat	Delgado
6462	Eth	Villanueva
6463	Mar	Smith
6464	Way	Mahoney
6465	Mar	Smith
6466	Sus	Meyer
6467	Mar	Stokes
6468	Wil	Smith
6469	Mar	Luna
6470	Dou	Smith
6471	Mar	Day
6472	Alb	Smith
6473	Mar	Castillo
6474	Mad	Smith
6475	Mar	Bullock
6476	Jul	Smith
6477	Jer	Booker
6478	Mar	Smith
6479	Pau	Jackson
6480	Rya	Austin
6481	Joe	Smith
6482	Mar	Sellers
6483	Mar	Smith
6484	Geo	Jordan
6485	Car	Sheppard
6486	Mar	Smith
6487	Ste	Salinas
6488	Mar	Smith
6489	Mar	Macdonald
6490	Ann	Smith
6491	Bru	Cruz
6492	Bry	Smith
6493	Mar	Best
6494	Bri	Smith
6495	Mar	Russell
6496	Ros	Smith
6497	Mar	Lee
6498	Wil	Smith
6499	Ash	Peterson
6500	Joy	Leblanc
6501	Mar	Smith
6502	Lin	Trujillo
6503	Hea	Smith
6504	Mar	Herman
6505	Mar	Smith
6506	Ann	Bailey
6507	Nic	Snyder
6508	Phi	Smith
6509	Mar	Cox
6510	Kar	Smith
6511	Nan	Young
6512	Rac	Burke
6513	Mar	Smith
6514	Cry	Contreras
6515	Mar	Smith
6516	Ang	Smith
6517	Amb	Sheppard
6518	Mar	Smith
6519	Mar	Myers
6520	Jud	Foster
6521	Mar	Hanson
6522	Rut	Clayton
6523	Mar	Smith
6524	Meg	Brown
6525	Mar	Taylor
6526	Ama	Campbell
6527	And	Woods
6528	Mar	Ho
6529	Aar	Smith
6530	Mar	Elliott
6531	Sar	Smith
6532	Mar	Dixon
6533	Pat	Morse
6534	Mar	Smith
6535	Bri	Cummings
6536	Mar	Smith
6537	Sus	Lopez
6538	Mar	Edwards
6539	Mar	Smith
6540	Joh	Pruitt
6541	Sus	Smith
6542	Cyn	Moran
6543	Ale	Smith
6544	Mar	Joyce
6545	Jen	Smith
6546	Mar	Ward
6547	Mel	Smith
6548	Mar	Parker
6549	Meg	Perkins
6550	Tam	Smith
6551	Mar	Hayes
6552	Bre	Smith
6553	Lar	House
6554	Mar	Smith
6555	Jes	Baldwin
6556	Mar	Smith
6557	Mar	Hess
6558	Eth	Smith
6559	Mar	Dyer
6560	Mel	Smith
6561	Jan	Day
6562	Mar	Smith
6563	Kat	Thomas
6564	Mar	Thornton
6565	Jam	Smith
6566	Dav	Beck
6567	Jef	Smith
6568	Mar	Wilson
6569	Sam	Allen
6570	Mar	Smith
6571	Bre	Gonzalez
6572	Mar	Barrett
6573	Jos	Noble
6574	Mar	Smith
6575	Sar	Sullivan
6576	Emm	Smith
6577	Mar	Kaufman
6578	Rog	Smith
6579	Mar	Long
6580	Ant	Dorsey
6581	Chr	Smith
6582	Mar	Williams
6583	Hea	Ibarra
6584	Mar	Smith
6585	And	Turner
6586	Mar	Bell
6587	Hea	Henson
6588	Mar	Smith
6589	Cry	Stewart
6590	Mar	Henderson
6591	Lau	Smith
6592	Tyl	Austin
6593	Mar	Smith
6594	Reb	Austin
6595	Mar	Smith
6596	Nic	Lynn
6597	Alb	Smith
6598	Mar	Lopez
6599	Rob	Moreno
6600	Art	Smith
6601	Mar	Andrade
6602	Rob	Smith
6603	Bre	Gonzalez
6604	Hea	Smith
6605	Mar	Branch
6606	Eli	Smith
6607	Joa	Cole
6608	Mar	Higgins
6609	Bet	Orr
6610	Mar	Smith
6611	Den	Smith
6612	Mar	Chaney
6613	Ash	Smith
6614	Jan	Glover
6615	Mar	Meadows
6616	Shi	Smith
6617	Mar	Barnes
6618	Jul	Hamilton
6619	Mar	Craig
6620	Eli	Smith
6621	Joa	Hayes
6622	Mar	Smith
6623	Chr	Turner
6624	Mar	Todd
6625	Ran	Smith
6626	Mar	Franklin
6627	Chr	Smith
6628	Bil	Johnson
6629	Mar	Dean
6630	Roy	Malone
6631	Mar	Morrow
6632	Jes	Smith
6633	Rog	Gonzales
6634	Mar	Smith
6635	Bry	Esparza
6636	Mar	Smith
6637	Eri	Richardson
6638	Dia	Burgess
6639	Mar	Smith
6640	Pat	Gonzalez
6641	Deb	Gonzales
6642	Mar	Gill
6643	Nic	Smith
6644	Jud	Phillips
6645	Zac	Smith
6646	Mar	Lopez
6647	Tyl	Rivera
6648	Aus	Ho
6649	Mar	Smith
6650	Sar	Gillespie
6651	Ash	Smith
6652	Sha	Hammond
6653	Jud	Smith
6654	Mar	Simmons
6655	Ash	Smith
6656	Rut	Price
6657	Ala	Gilbert
6658	Mar	Smith
6659	Joh	Frederick
6660	Chr	Smith
6661	Sam	Floyd
6662	Mar	Rocha
6663	Sus	Smith
6664	Mar	Hall
6665	Ant	Smith
6666	Jea	Austin
6667	Mar	Smith
6668	Mar	Carlson
6669	Mar	Smith
6670	Bet	Lopez
6671	Ran	Chambers
6672	Mar	Conrad
6673	Nan	Smith
6674	Mar	Shaw
6675	Mar	Smith
6676	Dan	Rivera
6677	Pat	Smith
6678	Mar	Church
6679	Cyn	Smith
6680	Hea	Moore
6681	Mar	Morton
6682	Sam	Smith
6683	Zac	Reyes
6684	Mar	Strong
6685	Lor	Smith
6686	Mar	Campbell
6687	Jul	Hamilton
6688	Mar	Smith
6689	Ada	Wright
6690	Mar	Gilbert
6691	Joh	Smith
6692	Sus	Jackson
6693	Mar	Smith
6694	Joh	Evans
6695	Lor	Washington
6696	Mar	Spencer
6697	Wil	Smith
6698	Kat	Barnett
6699	Mar	Smith
6700	Vir	Walker
6701	Mar	Carter
6702	Chr	Mckinney
6703	Mar	Smith
6704	Joh	Church
6705	Mar	Smith
6706	Car	Harmon
6707	Gra	Smith
6708	Mar	Costa
6709	Pam	Smith
6710	Dou	Moore
6711	Mar	Yang
6712	Oli	Smith
6713	Mar	Banks
6714	Chr	Smith
6715	Mar	Edwards
6716	Eli	Dixon
6717	Ste	Smith
6718	Kel	Simmons
6719	Mar	Smith
6720	Oli	Moran
6721	Mar	Poole
6722	Amy	Smith
6723	Mar	Burns
6724	Ben	Smith
6725	Mar	Alexander
6726	Edw	Ryan
6727	Mar	Velasquez
6728	Dor	Smith
6729	Jan	Russell
6730	Mar	Gallegos
6731	Car	Smith
6732	Mar	Campbell
6733	Dor	Chung
6734	Mar	Smith
6735	Bar	Martin
6736	Tim	Guzman
6737	Joy	Smith
6738	Mar	Taylor
6739	Mat	Mullins
6740	Bri	Smith
6741	Mar	Rogers
6742	Dav	Richardson
6743	Dor	West
6744	Che	Medina
6745	Mar	Smith
6746	Ant	Sanchez
6747	Kat	Simpson
6748	Kei	Smith
6749	Mar	Brooks
6750	Ala	Smith
6751	Mar	Rose
6752	Dan	Smith
6753	Jud	Hester
6754	Bev	Smith
6755	Mar	Callahan
6756	Jea	Smith
6757	Mar	Freeman
6758	Joh	Chung
6759	Mat	Smith
6760	Kat	Collins
6761	Eth	Burgess
6762	Mar	Smith
6763	Wil	Salas
6764	Sco	Smith
6765	Bri	Ryan
6766	Mar	Smith
6767	Bre	Carey
6768	Cat	Smith
6769	Kat	Riley
6770	Gre	Smith
6771	Vic	Moran
6772	Dor	Smith
6773	Mar	Gonzalez
6774	Lau	Shaffer
6775	Mar	Smith
6776	Nan	Mills
6777	Den	Osborne
6778	Mar	Beasley
6779	Ric	Durham
6780	Sea	Chung
6781	Mar	Smith
6782	Ray	Vaughn
6783	Mar	Smith
6784	Bri	Weber
6785	Mar	Davila
6786	Rob	Smith
6787	Kat	Martinez
6788	Mar	Allen
6789	Jes	Mcintosh
6790	Mar	Smith
6791	Phi	Miles
6792	Mar	Smith
6793	Hel	Morgan
6794	Way	Hendricks
6795	Mar	Hardin
6796	Jer	Smith
6797	Mar	Thomas
6798	Mar	Harvey
6799	Mar	Smith
6800	Chr	Ford
6801	Dou	Smith
6802	Mar	Kim
6803	Mar	Smith
6804	Mat	Ortega
6805	Don	Smith
6806	Cat	Guerra
6807	Glo	Grimes
6808	Mar	Smith
6809	Jus	Noble
6810	Rog	Smith
6811	Mar	Cook
6812	Sha	Smith
6813	Jef	Coleman
6814	Mar	May
6815	Pat	Kramer
6816	Ste	Smith
6817	Mar	Garrett
6818	Ang	Daniel
6819	Mar	Ali
6820	Ken	Smith
6821	Den	Lopez
6822	Dia	Smith
6823	Mar	Wright
6824	Ash	Moyer
6825	Mar	Smith
6826	Jer	Sandoval
6827	Mar	Smith
6828	Ste	Williams
6829	Mar	Mcdonald
6830	Sus	Ferguson
6831	Mar	Stephens
6832	Pat	Smith
6833	Mat	Watkins
6834	Mar	Smith
6835	Rob	Singh
6836	Vir	Smith
6837	Mar	Davis
6838	Lis	Garcia
6839	Bob	Bean
6840	Mar	Smith
6841	Lin	Fisher
6842	Car	Reese
6843	Reb	Smith
6844	Mar	Hicks
6845	Mar	Smith
6846	Joe	White
6847	Mar	Dixon
6848	Lar	Maddox
6849	Mar	Smith
6850	Rus	Taylor
6851	Mar	Smith
6852	Jan	Moon
6853	Kel	Smith
6854	Mar	Wade
6855	Lou	Callahan
6856	Mar	Smith
6857	Sco	Fuller
6858	Dia	Castaneda
6859	Mar	Smith
6860	Jos	Shea
6861	Bre	Smith
6862	Mar	Taylor
6863	Jos	Smith
6864	Kat	Smith
6865	Mar	Becker
6866	Way	Smith
6867	Mar	Johnson
6868	Joh	Crosby
6869	Mar	Smith
6870	Jes	Owens
6871	Gre	Bowman
6872	Mar	Lloyd
6873	Ste	Smith
6874	Jor	Freeman
6875	Mar	Mcdowell
6876	Hel	Smith
6877	Mar	Savage
6878	Bet	Smith
6879	Mar	Mcguire
6880	Bre	Smith
6881	Mar	Arnold
6882	Ray	George
6883	Mar	Smith
6884	Amb	Carr
6885	Mar	Smith
6886	Jes	Peck
6887	Mar	Smith
6888	Cyn	Mendoza
6889	Mar	Sandoval
6890	Nan	Smith
6891	Mar	Gill
6892	Rob	Kramer
6893	Deb	Smith
6894	Ger	Nichols
6895	Mar	Hebert
6896	Don	Smith
6897	Mar	Howard
6898	Nat	Butler
6899	Mar	Smith
6900	Jud	Pham
6901	Mar	Kaiser
6902	Mel	Smith
6903	Ale	Moore
6904	Mar	Smith
6905	Mat	Dunn
6906	Reb	Watkins
6907	Tim	Smith
6908	Gra	Wilson
6909	Mar	Salinas
6910	Car	Smith
6911	Mar	Brewer
6912	Kat	Smith
6913	Jer	Zamora
6914	Mar	Smith
6915	Rob	Whitney
6916	Sco	Smith
6917	Mar	Roberts
6918	Dav	Smith
6919	Tyl	Bradley
6920	Mar	Smith
6921	Wil	Stafford
6922	Mar	Smith
6923	Mar	Reid
6924	Mar	Guerra
6925	Mar	Smith
6926	Ash	Powell
6927	Mar	Cohen
6928	Hea	Smith
6929	Mar	Lopez
6930	Pau	Morton
6931	Nic	Smith
6932	Eve	Herring
6933	Gra	Smith
6934	Mar	Ellis
6935	Deb	Preston
6936	Mar	Smith
6937	Bet	Wolfe
6938	Kat	Smith
6939	Amb	Jimenez
6940	Mar	Smith
6941	Jef	Palmer
6942	Jor	Moran
6943	Mar	Smith
6944	Kyl	Robertson
6945	Mar	Smith
6946	Ric	Sanchez
6947	Fra	Boyle
6948	Mar	Smith
6949	Cha	Williamson
6950	Nic	Smith
6951	Mar	Williams
6952	Mic	Wise
6953	Ben	Smith
6954	Mar	Morse
6955	Amb	Smith
6956	Mar	Anderson
6957	Jam	Knight
6958	Mic	Pham
6959	Joa	Lin
6960	Mar	Smith
6961	Jam	Mitchell
6962	Jer	Sandoval
6963	Mar	Smith
6964	Gre	Dominguez
6965	Mar	Chang
6966	Joa	Smith
6967	Joh	Rodriguez
6968	Mar	Sims
6969	Mar	Smith
6970	Hel	Long
6971	Shi	Smith
6972	Gra	Black
6973	Mar	Krause
6974	Mic	Smith
6975	Mar	Brown
6976	Deb	Jennings
6977	Mar	Short
6978	Mar	Whitaker
6979	Edw	Smith
6980	Mar	Gilbert
6981	Mar	Brennan
6982	Jan	Smith
6983	Mar	Black
6984	Joh	Ewing
6985	Dan	Smith
6986	Jud	Taylor
6987	Mar	Phillips
6988	Way	Bryant
6989	Mar	Smith
6990	Fra	Mathews
6991	Mar	Smith
6992	Chr	Thompson
6993	Mar	Page
6994	Kat	Frost
6995	Mar	Smith
6996	Jus	Spence
6997	Mar	Smith
6998	Cat	Jimenez
6999	Mar	Pitts
7000	Amb	Smith
7001	Mar	Weeks
7002	Ann	Smith
7003	Har	Patrick
7004	Mar	Smith
7005	Jam	Carpenter
7006	Geo	Smith
7007	Mar	Mckinney
7008	San	Rangel
7009	Mar	Smith
7010	Jes	Kelley
7011	Kev	Smith
7012	Mar	Allen
7013	Amb	Smith
7014	Mar	Carey
7015	And	Smith
7016	Jac	Sloan
7017	Mar	Ewing
7018	Sar	Smith
7019	Kel	Turner
7020	Mar	Chase
7021	Deb	Smith
7022	Mar	Smith
7023	Jac	Roberson
7024	Jer	Smith
7025	Mar	Williams
7026	Ann	Hester
7027	Mar	Smith
7028	Eli	Edwards
7029	Chr	Moreno
7030	Mar	Schaefer
7031	Vir	Smith
7032	Mar	Gonzalez
7033	Rob	Hayes
7034	Bre	Smith
7035	Mar	Ayers
7036	Mar	Smith
7037	Mar	Bauer
7038	Chr	Smith
7039	Sam	Rodriguez
7040	Mar	Koch
7041	Nan	Smith
7042	Mar	Hudson
7043	Che	Smith
7044	Mar	Cooke
7045	Hel	Smith
7046	Cry	Davis
7047	Sea	Burch
7048	Mar	Smith
7049	Jus	Graham
7050	Mar	Holloway
7051	Rus	Smith
7052	Mar	Faulkner
7053	Don	Smith
7054	Mar	Arnold
7055	Emm	Smith
7056	Mar	Roman
7057	Jen	Smith
7058	Meg	Mills
7059	Mar	Smith
7060	Vir	Carroll
7061	Eve	Stanley
7062	Jac	Hines
7063	Mar	Smith
7064	Ann	Morris
7065	Mar	Watson
7066	Emm	Mcclain
7067	Mar	Smith
7068	Glo	Freeman
7069	Mar	Garza
7070	Jea	Smith
7071	Amb	Anderson
7072	Mar	Duffy
7073	Joa	Smith
7074	Mar	Patton
7075	Fra	Smith
7076	Mar	Olson
7077	Kat	Krueger
7078	Mar	Smith
7079	Mat	Thomas
7080	Jea	Hoffman
7081	Mar	Smith
7082	Ada	Blair
7083	Mar	Shannon
7084	Jen	Smith
7085	Sea	Thomas
7086	Mar	Shields
7087	Don	Smith
7088	Mar	Baker
7089	Gra	Snyder
7090	Mar	Smith
7091	Eli	Wells
7092	Jac	Smith
7093	Mar	Ochoa
7094	Mar	Smith
7095	Ama	Hogan
7096	Mar	Smith
7097	Han	Kim
7098	How	Stark
7099	Mar	Smith
7100	Jes	Mckenzie
7101	Mar	Smith
7102	Dav	Bradley
7103	Ann	Smith
7104	Mar	Rangel
7105	Ang	Smith
7106	Mar	Turner
7107	Mar	Caldwell
7108	Tim	Smith
7109	Mar	Torres
7110	Tho	Farley
7111	Sar	Smith
7112	Mar	Harris
7113	Mar	Shepherd
7114	Deb	Smith
7115	Bra	Willis
7116	Mar	Smith
7117	Ter	Edwards
7118	Eth	Watkins
7119	Rus	Smith
7120	Mar	Mcintyre
7121	Jas	Smith
7122	Ter	Carlson
7123	Car	Smith
7124	Rog	Baker
7125	Mar	Kaufman
7126	Jam	Smith
7127	Cat	Escobar
7128	Ran	Smith
7129	Mar	Wyatt
7130	Ali	Smith
7131	Mar	Walton
7132	Dav	Guerra
7133	Kat	Smith
7134	Mar	Hammond
7135	Ben	Davenport
7136	Mar	Smith
7137	Tho	Reyes
7138	Jac	Beck
7139	Mar	Smith
7140	Sam	Anderson
7141	Mar	Jackson
7142	Jac	Rogers
7143	Mar	Burnett
7144	Dou	Haley
7145	Mar	Smith
7146	Nan	Curry
7147	Ken	Smith
7148	Kyl	Martinez
7149	Bil	Weeks
7150	Mar	Smith
7151	Geo	Henry
7152	Mar	Gilbert
7153	Vic	Smith
7154	Mar	Thomas
7155	Ric	Thompson
7156	Mar	Terrell
7157	Jos	Smith
7158	Mar	Todd
7159	Fra	Smith
7160	Mar	Allen
7161	Jos	Sexton
7162	Pau	Smith
7163	Mar	Jones
7164	Pau	Miller
7165	Dou	Watts
7166	Mar	Smith
7167	Har	Medina
7168	Mar	Schmitt
7169	Che	Smith
7170	Bry	Johnson
7171	Mar	Evans
7172	Lou	Smith
7173	Mar	Glass
7174	Ken	Smith
7175	Jud	Webb
7176	Mar	Hudson
7177	Kei	Wong
7178	Mar	Smith
7179	Oli	Matthews
7180	Mar	Walton
7181	Jea	Smith
7182	Mar	Klein
7183	Ann	Smith
7184	Mar	Lewis
7185	Amb	Smith
7186	Mar	Meadows
7187	Kar	Smith
7188	Mar	Whitaker
7189	Pam	Smith
7190	Mar	Mckinney
7191	Che	Smith
7192	Mar	Bowers
7193	Jen	Smith
7194	Cyn	Taylor
7195	Eve	Carr
7196	Meg	Braun
7197	Den	Smith
7198	Mar	Day
7199	Jam	Kane
7200	Kat	Smith
7201	Mar	Sanders
7202	Bev	Smith
7203	Mar	King
7204	Kat	Turner
7205	Mar	Jordan
7206	Lor	Ellis
7207	Mar	Wolfe
7208	Don	Smith
7209	Mar	Berry
7210	Mar	Barry
7211	Kat	Smith
7212	Mar	Howard
7213	Dan	Lowe
7214	Mar	Smith
7215	Pat	Ruiz
7216	Mar	Hendrix
7217	Car	Smith
7218	Mar	Nguyen
7219	The	Smith
7220	Mar	Lyons
7221	Kel	Wyatt
7222	Jes	Stein
7223	Mar	Smith
7224	Mar	Knight
7225	Mar	Middleton
7226	Hel	Smith
7227	Mar	Hernandez
7228	Jos	Ryan
7229	Mar	Smith
7230	Dav	Saunders
7231	Jac	Smith
7232	Mar	Garcia
7233	Chr	Potter
7234	Mar	Bowers
7235	Bra	Dillon
7236	Mar	Smith
7237	Oli	Gregory
7238	Mar	Smith
7239	Ant	Osborne
7240	Mar	Smith
7241	Vir	Burns
7242	Mar	Watkins
7243	Mar	Smith
7244	Jer	Washington
7245	Mar	Peters
7246	Pet	Alvarado
7247	Mar	Smith
7248	Mar	Diaz
7249	Mar	Luna
7250	Jac	Smith
7251	Ben	Hamilton
7252	Mar	Smith
7253	Jos	Johnston
7254	Mar	Smith
7255	Joe	Richardson
7256	Mar	Cross
7257	Jac	Smith
7258	Mar	Clark
7259	Jer	Ingram
7260	Nat	Gilmore
7261	Mar	Smith
7262	Lau	Lee
7263	Sam	Smith
7264	Mar	Baker
7265	Eri	Smith
7266	Mar	Carpenter
7267	Ben	Smith
7268	Mar	Reed
7269	Ada	Hodges
7270	Mar	Smith
7271	Kar	Barber
7272	Ben	Hurst
7273	Mar	Smith
7274	Lin	Allen
7275	Mar	Roach
7276	Pam	Smith
7277	Jus	Moore
7278	Mar	Liu
7279	Emi	Smith
7280	Jan	Strong
7281	Mar	Smith
7282	Jen	Clark
7283	Mar	Carpenter
7284	Eve	Smith
7285	Kat	West
7286	Mar	Spencer
7287	Rus	Guzman
7288	Mar	Lamb
7289	Kev	Smith
7290	Bri	Gray
7291	Mar	Smith
7292	Jon	Hernandez
7293	Mar	Ryan
7294	Sha	Ball
7295	Mar	Smith
7296	Ric	Randall
7297	Phi	Smith
7298	Mar	Barnes
7299	Jam	Burns
7300	Kyl	Rodgers
7301	Mar	Smith
7302	Ang	Little
7303	Mar	Smith
7304	Wil	Brooks
7305	Dav	Smith
7306	Rut	Brooks
7307	Bra	Foster
7308	Ter	Jensen
7309	Mar	Smith
7310	Mar	Maldonado
7311	Joh	Smith
7312	Mar	Armstrong
7313	Shi	Berry
7314	Bru	Mccullough
7315	Mar	Smith
7316	Mar	Wu
7317	Mar	Smith
7318	Joh	Allen
7319	Sam	Parks
7320	The	Smith
7321	Mar	Haas
7322	Lin	Smith
7323	Sar	Neal
7324	Jos	Molina
7325	Mar	Smith
7326	Sus	Smith
7327	Tam	Hood
7328	Mar	Smith
7329	Deb	Mendez
7330	Mar	Smith
7331	Pam	Strong
7332	Mar	Herman
7333	Jul	Smith
7334	Mar	Wilkerson
7335	Rob	Smith
7336	Ros	Lyons
7337	Mar	Smith
7338	Mar	Fernandez
7339	Mar	Smith
7340	Cha	Taylor
7341	Jen	Bennett
7342	Jul	Hicks
7343	Mar	Smith
7344	Jef	Hardin
7345	Rya	Smith
7346	Mar	Hughes
7347	Car	Gallegos
7348	Mar	Smith
7349	Cyn	Walker
7350	Ros	Smith
7351	Mar	Mosley
7352	Deb	Smith
7353	Mar	Copeland
7354	Jud	Smith
7355	Mar	Warren
7356	And	Robles
7357	Mar	Smith
7358	Mic	Simpson
7359	Ale	Jacobs
7360	Mar	Smith
7361	Jam	Long
7362	Nic	Smith
7363	Mar	Cole
7364	Jan	Smith
7365	Mar	Gray
7366	Wil	Ellison
7367	Jos	Smith
7368	Han	Morton
7369	Mar	Smith
7370	Pau	Hanna
7371	Mar	Smith
7372	Ken	King
7373	Ang	Holt
7374	Bre	Smith
7375	Lou	Hayes
7376	Mar	Smith
7377	Kat	Rogers
7378	Mar	Medina
7379	Dav	Mullins
7380	Mic	Smith
7381	Mar	Bell
7382	Dor	Smith
7383	Cat	Washington
7384	Mar	Jacobs
7385	Ric	Arellano
7386	Jos	Smith
7387	Mar	Montgomery
7388	Jud	Smith
7389	Mar	Ray
7390	Ben	Smith
7391	Mar	Garrett
7392	Ben	Trevino
7393	Mar	Smith
7394	Ken	Stevens
7395	Rya	Adkins
7396	Mar	Madden
7397	Dor	Smith
7398	Sar	Franklin
7399	Mar	Valdez
7400	Ben	Smith
7401	Mar	Moore
7402	Jos	Frye
7403	Jas	Smith
7404	Mar	Lynch
7405	Lar	Bentley
7406	Mar	Smith
7407	Dia	Kim
7408	Mar	Holmes
7409	Dan	Bowers
7410	Mar	Smith
7411	Ste	Harrison
7412	Ter	Smith
7413	Mar	Jenkins
7414	Dor	Smith
7415	Mar	Smith
7416	Lis	Rivera
7417	Mar	Soto
7418	Eli	Smith
7419	Mar	Wilson
7420	Sha	Moore
7421	Mar	Reyes
7422	Bre	Patel
7423	Chr	Smith
7424	Mar	Parks
7425	Reb	Smith
7426	Ste	Nelson
7427	Rus	Smith
7428	Mar	Gomez
7429	Mar	Ayers
7430	Way	Smith
7431	Mar	Fry
7432	Bet	Smith
7433	Gre	Sutton
7434	Mar	Holloway
7435	Sus	Smith
7436	Meg	Taylor
7437	Mar	Morrison
7438	Don	Smith
7439	Mar	Flores
7440	Jam	French
7441	Lin	Smith
7442	Bre	Evans
7443	Mar	Ortiz
7444	Pam	Andrade
7445	Mar	Smith
7446	Lis	Williams
7447	Jan	Dillon
7448	Lau	Smith
7449	Jer	Jenkins
7450	Mar	Robertson
7451	Sha	Smith
7452	Mar	Goodman
7453	Joh	Smith
7454	And	Kim
7455	Ann	Smith
7456	Mar	Gallegos
7457	Che	Smith
7458	Phi	Williams
7459	Mar	Davidson
7460	Eth	Smith
7461	Mar	Wood
7462	Car	Bass
7463	Mar	Smith
7464	Mar	Ramirez
7465	And	Smith
7466	Mar	Warren
7467	Nan	Smith
7468	Mar	Hebert
7469	Rut	Smith
7470	Cat	Hood
7471	Mar	Smith
7472	Wil	Howard
7473	Mar	Smith
7474	Ron	Levy
7475	Joa	Smith
7476	Ben	Cole
7477	Mar	Todd
7478	Kim	Villa
7479	Emm	Smith
7480	Mar	Gordon
7481	Lor	Lawson
7482	Mar	Smith
7483	Deb	Morgan
7484	Mar	Schmidt
7485	Tyl	Smith
7486	Mar	Kent
7487	Ang	Smith
7488	Mar	Clark
7489	Ter	Ritter
7490	Mar	Smith
7491	Sha	Dominguez
7492	Vin	Smith
7493	Mar	Rodriguez
7494	Reb	Moore
7495	Che	Smith
7496	Mar	Hicks
7497	Ant	Spence
7498	Mar	Smith
7499	Mar	Powell
7500	Mar	Smith
7501	Chr	Lawrence
7502	Joe	Smith
7503	Mar	Mathews
7504	Ste	Smith
7505	Sha	Juarez
7506	Tam	Smith
7507	Mar	Banks
7508	The	Atkins
7509	Mar	Case
7510	Kat	Smith
7511	Mar	Park
7512	Sus	Smith
7513	Mar	Myers
7514	Hea	Clarke
7515	Mar	Smith
7516	Deb	Bennett
7517	Ann	Sullivan
7518	Mar	Padilla
7519	Eri	Harrell
7520	Mar	Smith
7521	Mar	Ortega
7522	Dav	Smith
7523	Mar	Villa
7524	Mar	Smith
7525	Mel	Parker
7526	Mar	Kim
7527	Pam	Smith
7528	Mar	Bishop
7529	Joh	Smith
7530	Emi	Russell
7531	Bob	Crawford
7532	Mar	Liu
7533	Bev	Cantrell
7534	Mar	Smith
7535	Sar	Browning
7536	Vir	Smith
7537	Ste	Lee
7538	Mar	Baker
7539	Jon	Burns
7540	Mar	Snow
7541	Don	Smith
7542	Mar	Moss
7543	Rob	Roberson
7544	Bar	Smith
7545	Chr	Roberts
7546	Gre	Morris
7547	And	Ortega
7548	Mar	Smith
7549	Tim	Ellison
7550	Mar	Smith
7551	Rob	Richardson
7552	Car	Smith
7553	Mar	Thompson
7554	Dou	Keith
7555	Mar	Smith
7556	Sam	Davis
7557	Mar	Hull
7558	Lis	Smith
7559	Jan	Bishop
7560	Mar	Faulkner
7561	Mar	Smith
7562	Tho	Hayes
7563	Eli	Moody
7564	Chr	Smith
7565	Jea	Donovan
7566	Mar	Smith
7567	Nic	Adams
7568	Jus	Proctor
7569	Mar	Smith
7570	Cyn	Jimenez
7571	Amb	Booth
7572	Mar	Smith
7573	Bob	Pena
7574	Mar	Smith
7575	Mar	Romero
7576	Fra	Smith
7577	Mar	Bauer
7578	Kei	Kirby
7579	Mar	Smith
7580	Jos	Porter
7581	Kev	Smith
7582	Aar	Valdez
7583	Mar	Pace
7584	Pat	Smith
7585	Ang	Martin
7586	Chr	Sanchez
7587	Mar	Barnett
7588	Ant	Michael
7589	Mar	Smith
7590	Rob	Johnson
7591	Fra	Stanley
7592	Mar	Smith
7593	Rog	Bowman
7594	Mar	Smith
7595	Mar	Meyer
7596	Chr	Mejia
7597	Cat	Smith
7598	Mar	Gonzalez
7599	Ger	Smith
7600	Mar	Tucker
7601	Mar	Smith
7602	Bri	Mitchell
7603	Kev	Smith
7604	Jon	Hill
7605	Hen	Roman
7606	Mar	Khan
7607	Sco	Smith
7608	Dia	Moyer
7609	Mar	Smith
7610	And	Melton
7611	Mar	Smith
7612	Mar	Brown
7613	Jam	Smith
7614	Pau	Martin
7615	How	Smith
7616	Mar	Mason
7617	Dav	Smith
7618	Jer	Hines
7619	Mar	Smith
7620	Mar	Bautista
7621	Jac	Smith
7622	Mar	Hodges
7623	Mat	Smith
7624	Ant	Vazquez
7625	Fra	Smith
7626	Mar	Jones
7627	Bru	Huff
7628	Mar	Smith
7629	Nan	Pena
7630	Jud	Smith
7631	Ale	Nguyen
7632	Mar	Ruiz
7633	Emi	Smith
7634	Pam	Ray
7635	Mar	Bridges
7636	Eli	Smith
7637	Dou	Washington
7638	Mar	Smith
7639	Han	Wilson
7640	Mar	Torres
7641	Ste	Smith
7642	Mar	Briggs
7643	Kar	Smith
7644	Mar	Freeman
7645	Bra	Stephens
7646	Mar	Smith
7647	Sus	Shannon
7648	Sam	Smith
7649	Mar	Lopez
7650	Mar	Smith
7651	Ger	Little
7652	Mar	Guerrero
7653	Kar	Smith
7654	Vir	Koch
7655	Mar	Smith
7656	Sha	Mendoza
7657	Chr	Vargas
7658	Mar	Smith
7659	Ros	Woodard
7660	Mar	Smith
7661	Lin	Rojas
7662	Tif	Parsons
7663	Mar	Smith
7664	Bra	Walker
7665	Mar	Barrett
7666	Cyn	Smith
7667	Hen	Maldonado
7668	Mar	Smith
7669	Ric	Patton
7670	Ann	Smith
7671	Mar	Espinoza
7672	Mar	Smith
7673	Mat	Delgado
7674	Mar	Smith
7675	Bre	Higgins
7676	Joy	Smith
7677	Mar	Bonilla
7678	Art	Smith
7679	Mar	Bruce
7680	San	Heath
7681	Ter	Mcknight
7682	Mar	Smith
7683	Cyn	Wallace
7684	Eve	Harper
7685	Mar	Mcdowell
7686	Joh	Smith
7687	Eve	Valencia
7688	Lor	Smith
7689	Mar	Heath
7690	Jam	Smith
7691	Sam	Sanchez
7692	Law	Smith
7693	Mar	Walsh
7694	Don	Smith
7695	Mar	Brown
7696	Joh	Barker
7697	Han	Wilkins
7698	Mar	Smith
7699	Jud	Ray
7700	Mar	Smith
7701	Jam	Lawson
7702	Jac	Smith
7703	Mar	Shannon
7704	Joh	Smith
7705	Jul	Robinson
7706	Mar	Cook
7707	Ann	Smith
7708	Mar	Price
7709	Geo	Franklin
7710	Kat	Smith
7711	Mar	Powell
7712	Han	Smith
7713	Mar	Cruz
7714	Car	Smith
7715	Mar	Bennett
7716	Dav	Middleton
7717	Ter	Smith
7718	Mar	Schmitt
7719	Dor	Smith
7720	Lis	Ramirez
7721	Mar	Jenkins
7722	Sar	Freeman
7723	Mar	Whitney
7724	Ray	Smith
7725	Mar	Reid
7726	Sar	Dawson
7727	Eve	Smith
7728	Mar	Campbell
7729	Jan	Smith
7730	Mar	Thompson
7731	Ken	Dominguez
7732	Jer	Smith
7733	Mar	Torres
7734	Car	Snyder
7735	Mar	Luna
7736	Tim	Smith
7737	Aus	Lambert
7738	Mar	Smith
7739	Kat	Morris
7740	Mar	Fowler
7741	Kat	Smith
7742	Mar	Pittman
7743	Mel	Smith
7744	Kat	Kelley
7745	Mar	Solis
7746	How	Smith
7747	Mar	Haynes
7748	Chr	Smith
7749	Amy	Gibson
7750	How	Mathews
7751	Mar	Smith
7752	Jon	Franklin
7753	Mar	Smith
7754	Kev	Horn
7755	Che	Smith
7756	Mar	Johnson
7757	Don	Davis
7758	Joy	Howe
7759	Jes	Smith
7760	Mar	Lynch
7761	Gra	Smith
7762	Mar	Roberson
7763	Phi	Smith
7764	Mar	Wilson
7765	Mar	Costa
7766	Jac	Smith
7767	Mar	Reynolds
7768	How	Smith
7769	Mar	Andrade
7770	Ken	Smith
7771	Jan	Jackson
7772	Mar	Thompson
7773	And	Diaz
7774	Mar	Smith
7775	Amy	Le
7776	Jul	Smith
7777	Eve	Rogers
7778	Mar	Cross
7779	Mar	Bryan
7780	Ste	Smith
7781	Gre	Hayden
7782	Mar	Smith
7783	Amy	Kent
7784	Mar	Smith
7785	Amy	Williams
7786	Mar	Price
7787	Rob	Christensen
7788	Dia	Smith
7789	Mar	Sullivan
7790	Edw	Castaneda
7791	And	Smith
7792	Zac	Huber
7793	Mar	Smith
7794	Jen	Compton
7795	San	Smith
7796	Jas	Collins
7797	Mar	Frank
7798	Jam	Smith
7799	Sus	Olson
7800	Mar	Sandoval
7801	Ter	Smith
7802	Mar	Acevedo
7803	Eli	Smith
7804	Mar	Bennett
7805	Joe	Powers
7806	Mar	Smith
7807	Car	Allen
7808	Mar	Ward
7809	Kim	Kramer
7810	Hen	Smith
7811	Mar	White
7812	Mad	Smith
7813	Mar	Jackson
7814	Nic	Powers
7815	Mar	Bauer
7816	Emm	Stout
7817	Mar	Smith
7818	Mat	Ellis
7819	Mar	Dunn
7820	Joh	Deleon
7821	Wil	Smith
7822	Mar	Ashley
7823	Amb	Smith
7824	Mar	Jackson
7825	And	Baird
7826	Mar	Smith
7827	Jer	Sandoval
7828	Mar	Baldwin
7829	Ray	Smith
7830	Chr	Carroll
7831	Mar	Smith
7832	Ste	Nguyen
7833	Pat	Herrera
7834	Mar	Clayton
7835	Mic	Gallegos
7836	Mar	Herman
7837	Tho	Smith
7838	Mar	Williams
7839	Emm	Wells
7840	Mar	Smith
7841	Jos	Mcintyre
7842	Mel	Smith
7843	Cat	Petersen
7844	Sco	Smith
7845	Wal	Marshall
7846	Mar	Sherman
7847	Chr	Sosa
7848	Jes	Smith
7849	Ken	Rogers
7850	Mar	Lara
7851	Dou	Smith
7852	Mar	Greene
7853	Aar	Smith
7854	Mar	Allen
7855	Rob	Calhoun
7856	And	Smith
7857	Jea	Bentley
7858	Mar	Smith
7859	Pat	Hopkins
7860	Mar	Smith
7861	Sus	Chan
7862	Mar	Smith
7863	Eli	Hodges
7864	Ali	Smith
7865	Mar	Bryant
7866	Jua	Smith
7867	Mar	Glenn
7868	Mic	Smith
7869	Gra	Gonzales
7870	Mar	Reilly
7871	Bob	Branch
7872	Mar	Smith
7873	Mar	King
7874	Zac	Smith
7875	Mar	Gonzales
7876	Emi	Black
7877	Mar	Smith
7878	Hel	Lewis
7879	Mic	Powell
7880	Joy	Padilla
7881	Kat	Ware
7882	Mar	Smith
7883	Deb	Park
7884	Pet	Smith
7885	Mar	Shepherd
7886	Ken	Smith
7887	Mar	Keller
7888	Eli	Smith
7889	Mic	Spence
7890	Mar	Smith
7891	Jam	Wilson
7892	Mic	Hayes
7893	Lis	Smith
7894	Emm	Moore
7895	Mar	Snyder
7896	Sus	Smith
7897	Meg	Phillips
7898	Mar	Smith
7899	Don	Tran
7900	Shi	Smith
7901	Jac	Daniels
7902	Mar	Smith
7903	Har	Jenkins
7904	Mar	Smith
7905	Cyn	Garcia
7906	Way	James
7907	Mar	Swanson
7908	Ste	Smith
7909	Aar	Mann
7910	Mar	Camacho
7911	Jos	Smith
7912	Mar	Johnson
7913	Ran	Edwards
7914	Mar	Smith
7915	Jus	Murphy
7916	Mar	Richardson
7917	Ash	Palmer
7918	Mar	Kemp
7919	Bri	Kent
7920	Mar	Smith
7921	Jam	Glass
7922	Jen	Smith
7923	Sha	Rivera
7924	Mar	Arnold
7925	Wil	Smith
7926	Bob	Castillo
7927	Mar	Dickson
7928	Mad	Smith
7929	Mar	Marquez
7930	Reb	Smith
7931	Mar	Mcdaniel
7932	Cat	Rubio
7933	Mar	Smith
7934	Pau	Johnson
7935	Mar	Williams
7936	Deb	Miles
7937	Mar	Smith
7938	Jos	Clark
7939	Tam	Smith
7940	Mar	Mejia
7941	Ash	Smith
7942	Jac	Gonzalez
7943	Mar	Ramirez
7944	Glo	Mcneil
7945	Mar	Smith
7946	Don	Brooks
7947	Mar	Andrews
7948	Eth	Allison
7949	Mar	Barrera
7950	Pau	Smith
7951	Amy	Salazar
7952	Jos	Smith
7953	Mar	Brown
7954	Dan	Smith
7955	Mar	Rios
7956	Pat	Maynard
7957	Chr	Smith
7958	Jes	Cochran
7959	Mar	Smith
7960	Eth	Thomas
7961	Mar	Kerr
7962	Jus	Smith
7963	Mar	Fisher
7964	Ste	Smith
7965	Mar	Hunter
7966	Joh	Smith
7967	Sam	Jones
7968	Mar	Garcia
7969	Sea	Kelley
7970	Mar	Copeland
7971	Wil	Smith
7972	Mar	Hoffman
7973	Reb	Smith
7974	Mar	Shaw
7975	Eug	Davila
7976	Mar	Smith
7977	Fra	Lopez
7978	Amb	Santos
7979	Mar	Smith
7980	Jen	Ortiz
7981	Mar	Smith
7982	Ron	Hall
7983	Hea	Merritt
7984	Mar	Cisneros
7985	Den	Smith
7986	Mar	Steele
7987	Wil	Smith
7988	Mar	Rice
7989	Eli	Douglas
7990	Jas	Cummings
7991	Mar	Conrad
7992	Har	Smith
7993	Law	Joyce
7994	Ral	Smith
7995	Sha	Jackson
7996	Mar	Lindsey
7997	Kim	Jefferson
7998	Mar	Smith
7999	Mic	Long
8000	Edw	Patterson
8001	Mar	Smith
8002	Mar	Martinez
8003	Dia	Zimmerman
8004	Mar	Smith
8005	Rob	Lambert
8006	Mic	Leon
8007	Nic	Garrison
8008	Mar	Delacruz
8009	Ste	Dickson
8010	Kat	Smith
8011	Mar	Hill
8012	Gre	Smith
8013	Mar	Adams
8014	Emi	Powers
8015	Mar	Blackburn
8016	Pat	Smith
8017	Mar	Rhodes
8018	Rut	Shepherd
8019	Sam	Smith
8020	Joa	Davis
8021	Mar	Bonilla
8022	Jes	Smith
8023	Mar	Pope
8024	Chr	Smith
8025	Fra	Foster
8026	Mar	Wade
8027	Jam	Smith
8028	Don	Lawson
8029	San	Smith
8030	Mar	Johnston
8031	Ric	Smith
8032	Kar	Lopez
8033	Tim	Estes
8034	Mar	Smith
8035	Mar	Andrews
8036	How	Smith
8037	Mar	Mclaughlin
8038	Don	Smith
8039	Ger	Arellano
8040	Mar	Smith
8041	Car	Ball
8042	Mar	Smith
8043	Mar	Herrera
8044	Ric	Smith
8045	Pet	Daniels
8046	Mar	Bernard
8047	Gar	Smith
8048	Deb	Bryant
8049	Mar	Mcgee
8050	Eli	Smith
8051	Emi	Hutchinson
8052	Pam	Smith
8053	Mar	Dennis
8054	And	Smith
8055	Mar	Ortiz
8056	Joh	Logan
8057	Lis	Smith
8058	Rya	Mosley
8059	Mar	Smith
8060	Sar	Logan
8061	Mar	Cooley
8062	Den	Smith
8063	Mar	Newman
8064	Ric	Rich
8065	Mar	Smith
8066	Mar	Ramos
8067	Kar	Holland
8068	Lar	Smith
8069	Tif	Mcdaniel
8070	Mar	Smith
8071	Gar	Baker
8072	Mar	Rogers
8073	Rac	Smith
8074	Mar	Harris
8075	Sar	Coleman
8076	Mar	Gay
8077	Tho	Smith
8078	Jan	Thomas
8079	Mar	Burnett
8080	Mat	Smith
8081	Mar	Cameron
8082	Pam	Smith
8083	Mar	Figueroa
8084	Mar	Smith
8085	Joh	Farmer
8086	Pau	Moon
8087	Sea	Smith
8088	Mar	Morris
8089	Eve	Smith
8090	Mar	Martinez
8091	Emi	Powell
8092	Mar	Smith
8093	Pat	Cook
8094	Gre	Rivas
8095	Den	Smith
8096	Mar	Miller
8097	Mar	Martin
8098	Mar	Smith
8099	Ash	Sosa
8100	Vic	Smith
8101	Mar	Hudson
8102	Dav	Smith
8103	Don	Jones
8104	Joh	Smith
8105	Mar	Gordon
8106	The	Lynch
8107	Mar	Smith
8108	Ste	Barnes
8109	Mar	Werner
8110	Cat	Smith
8111	Jes	Cummings
8112	Mar	Smith
8113	Sea	Tate
8114	Mar	Smith
8115	Kev	Melton
8116	Mel	Smith
8117	Mar	Peterson
8118	Nat	Blair
8119	Mar	Smith
8120	Ste	Perry
8121	Mar	Henry
8122	Jes	Webster
8123	Mar	Todd
8124	Pet	Smith
8125	Phi	Robbins
8126	Mar	Smith
8127	Ros	Anderson
8128	Mar	Smith
8129	Jes	Joyce
8130	Mar	Smith
8131	Tho	Gonzalez
8132	Sha	Choi
8133	Ben	Riddle
8134	Dor	Smith
8135	Mar	Stevens
8136	Cha	Smith
8137	Jan	Simmons
8138	Mar	Montgomery
8139	Dou	Smith
8140	Mar	Green
8141	Roy	Smith
8142	Mar	Fields
8143	Bri	Smith
8144	Mar	Summers
8145	Deb	Smith
8146	Car	Jennings
8147	Mar	Pacheco
8148	Dan	Smith
8149	Ken	Clark
8150	Mar	Jennings
8151	Mic	Mcgee
8152	Nic	Smith
8153	Mar	Frye
8154	Den	Smith
8155	Mar	Zhang
8156	Han	Smith
8157	Mar	Marshall
8158	Don	Pugh
8159	Reb	Smith
8160	Mar	Young
8161	Rut	Ramirez
8162	Phi	Smith
8163	Mar	Johnson
8164	Kat	Harper
8165	Mar	Kirk
8166	Pat	Smith
8167	Bet	Roberts
8168	Ash	Smith
8169	Mar	Soto
8170	Rac	Smith
8171	Ben	Cole
8172	Mar	Smith
8173	Bri	Nguyen
8174	Jan	Simmons
8175	Mar	Smith
8176	Cha	Hernandez
8177	Jan	Parker
8178	Mar	Barnes
8179	Jul	Terry
8180	Alb	Smith
8181	Mar	Long
8182	Mat	Meyer
8183	Rya	Giles
8184	Mar	Smith
8185	Ron	Powell
8186	The	Smith
8187	Mar	Fox
8188	Tim	Smith
8189	Mar	Olsen
8190	Mic	Smith
8191	Bar	Thompson
8192	Kat	Marshall
8193	Mar	Smith
8194	Dav	Winters
8195	Jen	Smith
8196	Kim	Sheppard
8197	Ali	Smith
8198	Mar	Frank
8199	Wil	Smith
8200	Mar	Morales
8201	Lau	Smith
8202	Mar	Howard
8203	Nic	Harrison
8204	Dia	Smith
8205	Law	Cummings
8206	Mar	Smith
8207	Cha	Jordan
8208	Edw	Wheeler
8209	Glo	Smith
8210	Mar	Glenn
8211	Ron	Mcneil
8212	Mar	Smith
8213	Bet	Rollins
8214	Mar	Smith
8215	Dav	Richardson
8216	Lin	Daniel
8217	Vir	Cantrell
8218	Mar	Smith
8219	Mar	Morton
8220	Mic	Smith
8221	Jan	Sampson
8222	Cry	Smith
8223	Mar	Smith
8224	Edw	Chang
8225	Nat	Smith
8226	Mar	Ritter
8227	Jac	Smith
8228	Gre	Allen
8229	Mar	Mcfarland
8230	Jud	Smith
8231	Mar	Jones
8232	Lis	Avery
8233	Mar	Hanna
8234	Kev	Smith
8235	Bru	Horton
8236	Mar	Smith
8237	Emm	Munoz
8238	Jes	Smith
8239	Mar	Harrison
8240	Jam	Mack
8241	Bet	Smith
8242	Mar	Harris
8243	Gar	Walker
8244	Mar	Watson
8245	Tho	Gray
8246	Joh	Frederick
8247	Mar	Smith
8248	Geo	Harrell
8249	Mar	Nolan
8250	Emm	Smith
8251	Mar	Ross
8252	Lau	Smith
8253	Shi	Arnold
8254	Jes	Esparza
8255	Mar	Smith
8256	Jam	Parker
8257	Wil	Reed
8258	Tho	Stokes
8259	Mar	Smith
8260	Ter	Berg
8261	Mar	Smith
8262	Geo	Porter
8263	Mar	Smith
8264	Rob	Ryan
8265	Wil	Smith
8266	Mar	Patterson
8267	Jen	Smith
8268	Joe	Gamble
8269	Mar	Smith
8270	Ste	Moran
8271	Mar	Smith
8272	Jus	Martinez
8273	The	Lopez
8274	Mar	Mcgrath
8275	Jan	Smith
8276	Jor	Griffin
8277	Mar	Sanford
8278	Jef	Smith
8279	Jos	Casey
8280	Mar	Tyler
8281	Wil	Smith
8282	Mar	Ray
8283	And	Smith
8284	Cat	Spence
8285	Eri	Smith
8286	Jac	Butler
8287	Mar	Smith
8288	Oli	Herring
8289	Mar	Smith
8290	Ben	Jennings
8291	Mar	Roman
8292	Emm	Smith
8293	Nat	Mahoney
8294	Mar	Smith
8295	Mar	Lynch
8296	Mar	Smith
8297	Deb	Johnson
8298	The	Russell
8299	Sea	Smith
8300	Mar	Reynolds
8301	Mic	Smith
8302	Mar	Jenkins
8303	Ash	Smith
8304	Mar	Mills
8305	Rob	Smith
8306	Sar	Walters
8307	Kim	Irwin
8308	Kat	Smith
8309	Mar	Morales
8310	Tyl	Smith
8311	Mar	Morgan
8312	Amb	Farrell
8313	Mar	Smith
8314	Ang	Walsh
8315	Mar	Joyce
8316	Cha	Smith
8317	Ann	Robertson
8318	Bry	Smith
8319	Mar	Sanchez
8320	Jam	Smith
8321	Ken	Smith
8322	Don	Moore
8323	Mar	Smith
8324	Mic	Wilkerson
8325	Don	Smith
8326	Ste	Wade
8327	Mar	Paul
8328	Don	Smith
8329	Mar	Hall
8330	Kim	Ferguson
8331	Mar	Norman
8332	Bru	Smith
8333	Mar	Solomon
8334	San	Smith
8335	Aar	Cooke
8336	Mar	Smith
8337	Kat	Jenkins
8338	Mar	Jefferson
8339	Ric	Smith
8340	Dan	Bell
8341	Mar	Barnett
8342	Bet	Smith
8343	Mar	Bolton
8344	Dan	Smith
8345	Bet	Perez
8346	Mar	Wright
8347	Tif	Smith
8348	Mar	Maddox
8349	Jos	Smith
8350	Mar	Bennett
8351	Jam	Smith
8352	Ter	Black
8353	Mar	Mathis
8354	Joh	Smith
8355	Jon	Parker
8356	Mar	Bailey
8357	Cry	Benjamin
8358	Mar	Smith
8359	Wal	Pierce
8360	Jer	Smith
8361	Mar	King
8362	Ann	Burnett
8363	Mar	Montoya
8364	Mic	Smith
8365	Mat	Norman
8366	Ros	Smith
8367	Mar	Kane
8368	Sus	Smith
8369	Mar	Chaney
8370	Mar	Smith
8371	Chr	Perkins
8372	Jes	Wilkinson
8373	Chr	Smith
8374	Mar	Myers
8375	Joh	Smith
8376	Cat	Moreno
8377	Jac	Christian
8378	Mar	Smith
8379	Mar	Kelly
8380	Bri	Smith
8381	Mar	Anderson
8382	Jos	Mullins
8383	Mar	Smith
8384	Rob	Hall
8385	Jus	Lawrence
8386	Mar	Smith
8387	Ric	Fuentes
8388	Kim	Smith
8389	Ama	Brown
8390	Mar	Ritter
8391	Rob	Smith
8392	Jan	Reed
8393	Mar	Smith
8394	Tyl	Shields
8395	The	Smith
8396	Mar	Brady
8397	Amb	Smith
8398	Mar	Williams
8399	Don	Sims
8400	Mar	Neal
8401	Gra	Smith
8402	Mar	King
8403	Jos	Smith
8404	Jos	Taylor
8405	Ste	Cummings
8406	Eth	Smith
8407	Mar	Pittman
8408	Pat	Smith
8409	Mar	Fernandez
8410	Jes	Mccarty
8411	Har	Smith
8412	Tif	Wagner
8413	Mar	Smith
8414	Chr	Alexander
8415	And	Garza
8416	Cry	Murillo
8417	Mar	Smith
8418	Nat	Brooks
8419	Mar	Sullivan
8420	Gre	Fitzpatrick
8421	Mar	Smith
8422	Way	Crawford
8423	Mar	Atkins
8424	Rob	Smith
8425	Kat	Bryant
8426	Mar	Smith
8427	Cyn	Velez
8428	Wal	Smith
8429	Mar	Owens
8430	Glo	Smith
8431	Mar	Lopez
8432	Wil	Ellis
8433	Sha	Short
8434	Mar	York
8435	Jos	Smith
8436	Mar	King
8437	Rac	Sweeney
8438	Joy	Trevino
8439	Mar	Smith
8440	Glo	Sandoval
8441	Mar	Lara
8442	Chr	Smith
8443	Mar	Jones
8444	Kat	Rogers
8445	Mar	Smith
8446	Jam	Carlson
8447	Mic	Smith
8448	Deb	Brown
8449	Mar	Smith
8450	Dia	Walters
8451	Jan	Novak
8452	Mar	Smith
8453	Kel	Johnson
8454	Mar	Turner
8455	Bri	Vega
8456	Mar	Smith
8457	Jos	Larsen
8458	Car	Smith
8459	Mar	Rivers
8460	Nic	Smith
8461	Mar	Wood
8462	Hel	Smith
8463	Nat	Burns
8464	Mar	Knight
8465	Dor	Schneider
8466	Mar	Smith
8467	Ken	Tran
8468	Jos	Conner
8469	Ama	Smith
8470	Ann	Horn
8471	Lau	Smith
8472	Mar	Heath
8473	Kev	Smith
8474	Ann	Bennett
8475	Jan	Price
8476	Mar	Smith
8477	Jas	Ortega
8478	Mar	Sweeney
8479	Wil	Smith
8480	Gar	Meza
8481	Mar	Smith
8482	Jul	Cole
8483	Mar	Smith
8484	Edw	Gomez
8485	Mar	Simmons
8486	Jos	Cain
8487	Fra	Smith
8488	Ter	Allen
8489	Mar	French
8490	Bri	Cantu
8491	Kel	Smith
8492	Mar	Cole
8493	Mar	Pena
8494	Mar	Owen
8495	Pat	Smith
8496	Tho	Wood
8497	Mar	Simon
8498	Jos	Pennington
8499	Ang	Smith
8500	Mar	Reeves
8501	Eli	Smith
8502	Mar	Eaton
8503	Amy	Smith
8504	Mar	Davis
8505	Jam	Diaz
8506	Eli	Smith
8507	Glo	Dickson
8508	Eug	Smith
8509	Mar	Hicks
8510	Rog	Smith
8511	Mar	Smith
8512	Deb	Gonzalez
8513	Ale	Harris
8514	Mar	Lynch
8515	Jus	Smith
8516	Mar	Hughes
8517	Deb	Smith
8518	Mar	Lewis
8519	Pam	Michael
8520	Den	Smith
8521	Joe	Clay
8522	Mar	Smith
8523	Mel	Lee
8524	Rut	Farrell
8525	Mar	Smith
8526	Jam	Martinez
8527	Ste	Rivera
8528	And	Maldonado
8529	Mar	Watts
8530	Wil	Smith
8531	Mar	Harris
8532	Mar	Sellers
8533	Aus	Smith
8534	Mar	Rose
8535	Ric	Quinn
8536	Ant	Smith
8537	Way	Walker
8538	Mar	Newman
8539	Joh	Smith
8540	Mic	Baxter
8541	Mar	Smith
8542	Jan	Rich
8543	Mar	Werner
8544	Sar	Smith
8545	Emi	Bryant
8546	Mar	Smith
8547	Mel	Cunningham
8548	Mar	Smith
8549	Eri	Floyd
8550	Mar	Smith
8551	Har	Dalton
8552	Mar	Smith
8553	Mar	English
8554	Eve	Smith
8555	Mar	Jones
8556	Dan	Pruitt
8557	Mar	Smith
8558	Pet	Wilson
8559	Mar	Rogers
8560	San	Reynolds
8561	Mar	Smith
8562	Sar	Williams
8563	Mar	Stanley
8564	Mel	Benitez
8565	Mar	Smith
8566	Ste	Lee
8567	Mar	Clark
8568	Cat	Beck
8569	Vin	Smith
8570	Mar	Cunningham
8571	Jas	Nunez
8572	Vic	Smith
8573	Mar	Torres
8574	Bre	Griffin
8575	Mar	Mueller
8576	Ama	Roberson
8577	Mar	Smith
8578	Kev	Graham
8579	Mar	Conrad
8580	Kel	Smith
8581	Mar	Mullins
8582	Edw	Smith
8583	Amb	Clay
8584	Mar	Smith
8585	Sha	Smith
8586	Mar	Arnold
8587	Jam	Roy
8588	Ron	Smith
8589	Mar	West
8590	Ash	Boyer
8591	Mar	Smith
8592	Jus	Valenzuela
8593	Jac	Smith
8594	Mar	Baker
8595	Eli	Smith
8596	Mar	Walker
8597	Chr	Smith
8598	Mar	Cox
8599	Eli	Smith
8600	Jud	Brown
8601	Mar	Campbell
8602	Tim	Gilbert
8603	Fra	Smith
8604	Bry	Hill
8605	Joh	Morse
8606	Mar	Shah
8607	Tim	Smith
8608	Mar	Robertson
8609	Zac	Kline
8610	Mar	Smith
8611	Wil	Bond
8612	Emm	Smith
8613	Mar	Kirk
8614	Chr	Rosales
8615	Mar	Smith
8616	Nic	Klein
8617	Mar	Smith
8618	Joa	Trujillo
8619	Jac	Smith
8620	Mar	Briggs
8621	Cyn	Davila
8622	Shi	Smith
8623	Mar	Sanchez
8624	The	Welch
8625	Mar	Smith
8626	Sco	Vega
8627	Mar	Smith
8628	Fra	Meyer
8629	Mar	Irwin
8630	Jer	Smith
8631	Mar	Richardson
8632	Wil	Hunter
8633	And	Ball
8634	Mar	Hutchinson
8635	Ste	Smith
8636	Jer	Valentine
8637	Mar	Smith
8638	Dan	Wood
8639	Mar	Smith
8640	Mar	Williams
8641	Dav	Smith
8642	Hea	Freeman
8643	Mar	Valenzuela
8644	Ken	Smith
8645	And	Johnston
8646	Mar	Smith
8647	And	Shaw
8648	Jan	Montgomery
8649	Mar	Smith
8650	Pat	Fitzpatrick
8651	Geo	Smith
8652	Ken	Newman
8653	Ama	Smith
8654	Mar	Glass
8655	Joh	Smith
8656	Mel	Raymond
8657	Ray	Smith
8658	Mar	Allen
8659	Bre	Wong
8660	Mar	Smith
8661	Jam	Stafford
8662	Pau	Smith
8663	Mar	Kim
8664	Mar	Smith
8665	Chr	Turner
8666	Mar	Smith
8667	Mic	Williams
8668	Emi	Riley
8669	Ama	Whitaker
8670	Mar	Smith
8671	Che	Barnes
8672	Mar	Crawford
8673	Car	Smith
8674	Mar	Rhodes
8675	Zac	Smith
8676	Mar	Nguyen
8677	Cyn	Mccoy
8678	Shi	Buchanan
8679	Mar	Smith
8680	Lau	Sheppard
8681	Cyn	Smith
8682	Mar	Quinn
8683	Sam	Smith
8684	Tif	Brown
8685	Mar	Hansen
8686	Dor	Higgins
8687	Mar	Smith
8688	Mic	Rose
8689	Mar	Larsen
8690	How	Smith
8691	Mar	Hart
8692	Vin	Smith
8693	Mar	Madden
8694	Nan	Smith
8695	Lar	Thomas
8696	Mar	Pope
8697	Ger	Smith
8698	Mar	Allen
8699	Joy	Pratt
8700	Mar	Smith
8701	Lin	Green
8702	Mar	Ramos
8703	Mic	Lozano
8704	Mar	Mclean
8705	Pat	Smith
8706	Jen	Morse
8707	Lis	Smith
8708	Jan	Stephenson
8709	Mar	Smith
8710	Kat	Hardy
8711	Mar	Smith
8712	Emi	Stone
8713	Mar	Newman
8714	Jan	Smith
8715	Mar	Adams
8716	Eve	Smith
8717	Ada	Taylor
8718	Mar	Alvarez
8719	Joh	Smith
8720	Mar	Alvarado
8721	Jam	Smith
8722	Mar	Hunt
8723	Joh	Ryan
8724	Mic	House
8725	Ash	Smith
8726	Mar	Diaz
8727	Jam	Coleman
8728	Joh	Smith
8729	Amb	Zimmerman
8730	Mar	Smith
8731	Don	Allen
8732	Kat	Todd
8733	Dan	Smith
8734	Har	Chambers
8735	Mar	Smith
8736	Aar	Calhoun
8737	Mar	Smith
8738	Don	Jackson
8739	Eug	Perry
8740	Mar	Zimmerman
8741	Gre	Smith
8742	Mar	Kim
8743	Dou	Smith
8744	Mar	Wells
8745	Rob	Reid
8746	Cha	Stout
8747	Mar	Smith
8748	Ste	Perez
8749	Ben	Graham
8750	Mar	Smith
8751	Amy	Cook
8752	Mar	Carroll
8753	Wil	Smith
8754	Pau	Sanchez
8755	Cat	Lutz
8756	Mar	Smith
8757	Tyl	Gutierrez
8758	Mar	Shelton
8759	Ter	Hodges
8760	Mar	Smith
8761	Bri	Lambert
8762	Mar	Smith
8763	Pam	Williams
8764	Mar	Curtis
8765	Gar	Smith
8766	Mar	Duncan
8767	Tim	Mejia
8768	Eve	Bradford
8769	Mar	Cantrell
8770	Mar	Smith
8771	Kar	Green
8772	Ama	Smith
8773	Sam	Floyd
8774	Fra	Smith
8775	Mar	Scott
8776	Cha	West
8777	Mar	Campos
8778	Mar	Smith
8779	Mar	Barber
8780	Ali	Smith
8781	Mar	Chan
8782	Bar	Smith
8783	Eri	Ramsey
8784	Jon	Smith
8785	Mar	Arellano
8786	Jos	Smith
8787	Jan	Pittman
8788	Mar	Smith
8789	Hel	Carroll
8790	Mar	Keller
8791	Bev	Ali
8792	Mar	Smith
8793	Mic	Mann
8794	Mar	Smith
8795	Bob	Thomas
8796	Mar	Smith
8797	Lis	Edwards
8798	Mar	Smith
8799	Mar	Page
8800	Joh	Smith
8801	Ash	Montgomery
8802	Mar	Donovan
8803	Mar	Smith
8804	Car	Hughes
8805	Mar	Smith
8806	Amb	Diaz
8807	Mar	Terrell
8808	Ken	Smith
8809	Chr	Velasquez
8810	Mar	Smith
8811	Chr	Rodriguez
8812	Mar	Woodward
8813	Car	Smith
8814	Bri	Sexton
8815	Mar	Smith
8816	Jud	Shepard
8817	Mar	Smith
8818	Rut	Miller
8819	Mar	Vaughn
8820	Jes	Smith
8821	Mar	Rios
8822	Dor	Smith
8823	Ros	Griffith
8824	Mar	Smith
8825	Ant	Swanson
8826	Don	Smith
8827	Bri	Wilson
8828	Mar	Baxter
8829	Cha	Smith
8830	Mel	Aguilar
8831	Mar	Smith
8832	Vic	Reyes
8833	Mar	Smith
8834	Ste	Herring
8835	Mar	Smith
8836	Bar	Hall
8837	Kat	Cole
8838	Phi	Mcgee
8839	Mar	Smith
8840	Jan	Delacruz
8841	Mar	Smith
8842	Mar	Gomez
8843	Jua	Smith
8844	Mar	Barnes
8845	Rob	Deleon
8846	Tho	Smith
8847	Rut	Brown
8848	Mar	Watson
8849	Dan	Santos
8850	Cry	Smith
8851	Mar	Holt
8852	Joh	Smith
8853	Ric	Ali
8854	Car	Smith
8855	Mar	Gonzalez
8856	Don	Smith
8857	Cat	Sparks
8858	Mar	Smith
8859	Jam	Koch
8860	Jon	Rocha
8861	Mar	Smith
8862	Wil	Dawson
8863	Hen	Smith
8864	Mar	Benson
8865	Kev	Frederick
8866	Rac	Smith
8867	Jus	Bonilla
8868	Mar	Smith
8869	Tho	Lambert
8870	Nic	Lyons
8871	Jan	Smith
8872	Mar	Garcia
8873	Jos	Hopkins
8874	Nic	Smith
8875	Mar	Lawrence
8876	Tim	Smith
8877	Cry	Stevens
8878	Mar	Fuentes
8879	Mar	Smith
8880	Ray	Patton
8881	Mar	Weeks
8882	Ken	Smith
8883	Mar	Davis
8884	Alb	Jordan
8885	Mar	Smith
8886	Aar	Deleon
8887	Mar	Nash
8888	Bri	Smith
8889	Eve	Brown
8890	Mar	Rhodes
8891	Mic	Smith
8892	Rus	Dennis
8893	Mar	Smith
8894	Lau	Washington
8895	Mar	Ferguson
8896	Jam	Dunn
8897	Ste	Blackburn
8898	Mar	Smith
8899	Cyn	Brown
8900	Rus	Peterson
8901	Mar	Smith
8902	Rog	Walker
8903	Mar	Torres
8904	Ash	Short
8905	Don	Smith
8906	Mar	Hurst
8907	Mic	Smith
8908	Mar	Jenkins
8909	Art	Wallace
8910	Mar	Smith
8911	Cat	Arnold
8912	Mar	Blankenship
8913	Jan	Smith
8914	Mar	Cooper
8915	Jam	Grant
8916	Jus	Wheeler
8917	Mar	Smith
8918	Zac	Rice
8919	Mar	Conner
8920	Lin	Smith
8921	Mar	Pratt
8922	Jea	Smith
8923	Mar	Robertson
8924	Emm	Smith
8925	Mar	Erickson
8926	Sus	Smith
8927	Emi	Johnson
8928	Mar	Huynh
8929	Dav	Smith
8930	Jor	Mcgee
8931	Mar	Smith
8932	Mar	Thornton
8933	Jas	Smith
8934	Mar	Murray
8935	Joh	Smith
8936	Sha	Patel
8937	Amy	Smith
8938	Ray	Gould
8939	Mar	Smith
8940	Lin	Hammond
8941	Mar	Drake
8942	Rob	Smith
8943	Bri	Yates
8944	Mar	Smith
8945	Edw	Chang
8946	Rya	Smith
8947	Mar	Rose
8948	Rus	Smith
8949	Mar	Thompson
8950	Dav	Smith
8951	Mar	Baker
8952	Jos	Brooks
8953	Emm	Avila
8954	Mar	Hayden
8955	Mic	Smith
8956	Jos	Miller
8957	Bob	Howard
8958	Mar	Smith
8959	Amy	Edwards
8960	Jan	Roy
8961	Jer	Smith
8962	Mar	Richardson
8963	Rut	Bush
8964	Mar	Berger
8965	Pet	Smith
8966	Mar	Davis
8967	Don	West
8968	Mar	Smith
8969	San	Bennett
8970	Eug	Contreras
8971	Mar	Gill
8972	Wil	Phelps
8973	Mar	Smith
8974	Mar	Schultz
8975	Nan	Mata
8976	Den	Smith
8977	Mar	Rivera
8978	Emi	Maxwell
8979	Mar	Huffman
8980	Lau	Smith
8981	Mar	Bennett
8982	Jer	Mcgrath
8983	Mar	Smith
8984	Eli	Bowen
8985	Hel	Russo
8986	Mar	Smith
8987	Kat	Price
8988	Mar	Smith
8989	Sar	Aguilar
8990	Bob	Smith
8991	Mar	Kennedy
8992	Mar	Summers
8993	Mar	Smith
8994	Jan	Shea
8995	Mar	Smith
8996	Mar	Mcfarland
8997	Mar	Smith
8998	Jam	Nielsen
8999	Pau	Smith
9000	Amb	White
9001	Mar	Smith
9002	Mar	Mullins
9003	Jud	Duran
9004	Mar	Smith
9005	Tho	Martin
9006	Bre	Smith
9007	Mar	Maynard
9008	Ann	Smith
9009	Mar	Sanchez
9010	Dav	Donovan
9011	Mar	Smith
9012	Pam	Gonzalez
9013	Law	Ward
9014	Mar	Smith
9015	Ali	Carroll
9016	Mar	Smith
9017	Ann	Kelly
9018	Mar	Smith
9019	Car	Davila
9020	Deb	Smith
9021	Jan	Murphy
9022	Mar	Smith
9023	Jon	Schmidt
9024	Wal	Smith
9025	Mar	Williams
9026	Chr	Smith
9027	Mar	Yoder
9028	Ray	Smith
9029	Mar	Bryan
9030	Ray	Smith
9031	Mar	Brown
9032	Lau	Munoz
9033	Mar	Schaefer
9034	Pau	Villa
9035	Chr	Smith
9036	Mar	Chase
9037	Lau	Smith
9038	Mar	Lee
9039	Amb	Wall
9040	Mar	Smith
9041	Mic	Olson
9042	Lin	Smith
9043	Hen	Norris
9044	Mar	Smith
9045	Chr	Townsend
9046	Eve	Smith
9047	Jor	Medina
9048	Mar	Smith
9049	Bre	Wright
9050	Mar	Smith
9051	Nic	Garcia
9052	Mar	Odom
9053	Wil	Smith
9054	Mar	Parker
9055	Kar	Ross
9056	And	Smith
9057	Ran	Brown
9058	Mar	Ramos
9059	Mic	Mills
9060	Mat	Patel
9061	Mar	Estrada
9062	Jam	Farmer
9063	Dyl	Smith
9064	Mar	Mcmahon
9065	Roy	Smith
9066	Mar	Williams
9067	Har	Myers
9068	Mar	Smith
9069	Deb	Ramirez
9070	Mar	Smith
9071	Jan	Hutchinson
9072	Mar	Smith
9073	Tho	Skinner
9074	Mar	Smith
9075	Sco	Hayes
9076	Mar	Pope
9077	Sea	Smith
9078	Mar	Smith
9079	Mil	Ferguson
9080	Mar	Macias
9081	Rob	Smith
9082	Dia	Terry
9083	Mar	Frank
9084	Jac	Smith
9085	Mar	Anderson
9086	Geo	Stanley
9087	Ali	Smith
9088	Mar	Guzman
9089	Jes	Smith
9090	Car	Davis
9091	Mar	Hickman
9092	Jam	Smith
9093	And	Flores
9094	Mar	Vincent
9095	Hen	Smith
9096	Mar	Andrews
9097	Mar	Padilla
9098	Mic	Burgess
9099	Den	Lozano
9100	Bev	Smith
9101	Mar	Parker
9102	Ric	Marshall
9103	Nat	Smith
9104	Mar	Bryan
9105	Mar	Smith
9106	Mar	Perez
9107	Mar	Nunez
9108	Kat	Smith
9109	Mar	Brown
9110	Tam	Gould
9111	Mar	Smith
9112	Jos	Callahan
9113	Pat	Smith
9114	Mar	Smith
9115	Gar	Clayton
9116	Mar	Smith
9117	Jes	Smith
9118	Kar	Stevens
9119	Mar	Smith
9120	Ter	Trujillo
9121	Mar	Smith
9122	Car	Russo
9123	Mar	Smith
9124	Don	Wheeler
9125	Mar	Smith
9126	Phi	Anderson
9127	Mar	Nolan
9128	Rob	Smith
9129	Jud	Arnold
9130	Lor	Francis
9131	Mar	Smith
9132	Ama	Wilson
9133	Mar	Pennington
9134	Fra	Smith
9135	Mar	Johnson
9136	Ali	Mccoy
9137	Mar	Smith
9138	Gar	Erickson
9139	Mar	Galvan
9140	Jes	Smith
9141	Ron	Clark
9142	Mar	Nash
9143	Tyl	Smith
9144	Mar	Carroll
9145	Gar	Smith
9146	Car	Harrison
9147	Mar	Simon
9148	Rob	Gallagher
9149	Ron	Whitehead
9150	Mar	Osborn
9151	Aar	Smith
9152	Mar	Martinez
9153	Sha	Jenkins
9154	Ann	Gillespie
9155	Eve	Smith
9156	Mar	Wells
9157	Nic	Smith
9158	Mar	Bender
9159	Chr	Smith
9160	Ter	Garrett
9161	Mar	Smith
9162	Chr	Carter
9163	Mar	Russell
9164	Fra	Estrada
9165	Jud	Campos
9166	Jes	Benitez
9167	Mar	Smith
9168	Mar	Evans
9169	Mar	Neal
9170	Ale	Smith
9171	Mar	Bruce
9172	Joh	Smith
9173	Mat	Williams
9174	Tyl	Smith
9175	Mar	Rhodes
9176	The	Smith
9177	Mar	Nelson
9178	Sha	Fowler
9179	Mar	Pearson
9180	Dor	Zamora
9181	Mar	Smith
9182	Mar	English
9183	Dan	Smith
9184	Jef	Rodriguez
9185	Kat	Wilson
9186	Mar	Austin
9187	Mic	Smith
9188	Mar	Gomez
9189	Ric	Smith
9190	And	Rasmussen
9191	Mar	Smith
9192	Mar	Mueller
9193	Mar	Smith
9194	Mar	Johnson
9195	Geo	Johns
9196	Aus	Smith
9197	Mar	Sutton
9198	Dav	Kerr
9199	Tam	Smith
9200	Mar	Orozco
9201	Chr	Smith
9202	Mar	Skinner
9203	Glo	Smith
9204	Mar	Harris
9205	Jam	Holmes
9206	Nan	Smith
9207	Mar	Rogers
9208	Joh	Gillespie
9209	Mar	Smith
9210	Mar	Daniels
9211	Lau	Kramer
9212	Mar	Smith
9213	Jen	Williamson
9214	Mar	Smith
9215	Wil	Robbins
9216	Kyl	Joyce
9217	Mar	Smith
9218	Ann	Conrad
9219	Mar	Smith
9220	Ant	Marshall
9221	Eri	Smith
9222	Mar	Martinez
9223	Car	Perez
9224	Mar	Cannon
9225	Ant	Smith
9226	Gra	Davis
9227	Mar	Ewing
9228	Jac	Smith
9229	Mar	Hernandez
9230	Dor	Bender
9231	Mar	Smith
9232	Rob	King
9233	Tim	Wall
9234	Kat	Smith
9235	Mar	Rodriguez
9236	Pat	Webb
9237	Mar	Fox
9238	Jud	Gillespie
9239	Mar	Smith
9240	Jan	Brown
9241	Mar	Norris
9242	Mar	Smith
9243	Sha	Gross
9244	Mar	Smith
9245	Jos	Rodriguez
9246	Mar	Richmond
9247	Kat	Smith
9248	Mar	Luna
9249	Jon	Costa
9250	Mar	Smith
9251	Chr	Green
9252	Mar	Summers
9253	Ben	Smith
9254	Mar	Hayes
9255	Wil	Smith
9256	Tif	Parks
9257	Mar	Smith
9258	Joh	Rodgers
9259	Tho	Roman
9260	Joy	Smith
9261	Pat	Burnett
9262	Mar	Conway
9263	Joe	Smith
9264	Mar	Smith
9265	Mar	Fischer
9266	Bri	Whitney
9267	Mar	Smith
9268	Wil	Roberson
9269	Ang	English
9270	Mar	Moses
9271	Chr	Smith
9272	Ron	Blackwell
9273	Bob	Smith
9274	Mar	Long
9275	Jas	Schwartz
9276	Mar	Smith
9277	Don	Davis
9278	San	Gordon
9279	Don	Aguilar
9280	Mar	Blankenship
9281	Ann	Smith
9282	Aus	Ayala
9283	Mar	Smith
9284	Kat	Aguirre
9285	Glo	Smith
9286	Mar	Carroll
9287	Deb	Smith
9288	Mar	Mason
9289	Car	Smith
9290	Mar	Hernandez
9291	Cha	Mueller
9292	Kel	Smith
9293	Jer	Cooper
9294	Mar	Blackwell
9295	Jan	Smith
9296	Chr	Wilson
9297	Mar	Horne
9298	Joh	Smith
9299	Rob	Chambers
9300	Mar	Smith
9301	Lin	King
9302	Mel	Smith
9303	Mar	Bentley
9304	Jan	Smith
9305	Mar	Evans
9306	Sco	Flynn
9307	Mar	Frederick
9308	Deb	Smith
9309	Mar	Wilson
9310	Tim	Smith
9311	Mar	Rodriguez
9312	Joh	Campos
9313	Mar	Krause
9314	Oli	Smith
9315	Mar	Lewis
9316	Meg	Sanders
9317	Mar	Smith
9318	Mar	Stanley
9319	Dav	Smith
9320	Nic	Johnson
9321	Mar	Silva
9322	Kev	Smith
9323	Deb	Taylor
9324	Wil	Parker
9325	Mar	Navarro
9326	Lin	Hess
